DateTime,TimeSSM,Status,DataStatus,PartCt,HistSum,PartCon,BL,BLTH,STD,MaxSTD,P,TofP, PumpLife_hrs,WidthSTD,AveWidth, POPS_Flow, PumpFB, LDTemp, LaserFB, LD_Mon, Temp, BatV, Laser_Current, Flow_Set,BL_Start,TH_Mult,nbins,logmin,logmax,Skip_Save,MinPeakPts,MaxPeakPts,RawPts,b0,b1,b2,b3,b4,b5,b6,b7,b8,b9,b10,b11,b12,b13,b14,b15
1692220663.798,76663.7985,3,2,4,4,26.96,2040,2069,9.63,11.01,988.64,29.20,260.65,0.00,0.00,0.15,130.55,41.69,625.49,1013.63,26.47,10.41,2.87,2.04,30000,3.0,16,1.75,4.81,0,8,255,512,0,1,2,0,1,0,0,0,0,0,0,0,0,0,0,0
1692220664.798,76664.7977,3,0,329,329,98.41,2038,2069,10.49,11.20,988.73,29.19,260.65,24.47,29.75,3.34,416.70,41.75,621.98,1025.93,26.47,10.48,2.87,2.04,30000,3.0,16,1.75,4.81,0,8,255,512,45,38,41,46,37,59,36,23,4,0,0,0,0,0,0,0
1692220665.799,76665.7986,3,0,302,302,94.80,2035,2065,9.80,11.62,988.64,29.20,260.65,11.95,24.95,3.19,305.49,41.99,625.93,1029.01,26.47,10.87,2.87,2.04,30000,3.0,16,1.75,4.81,0,8,255,512,45,52,49,38,28,38,34,16,2,0,0,0,0,0,0,0
1692220666.798,76666.7984,3,0,297,297,99.17,2036,2067,10.34,10.96,988.68,29.21,260.66,15.91,31.56,2.99,306.81,42.01,625.93,1027.25,26.45,11.05,2.87,2.04,30000,3.0,16,1.75,4.81,0,8,255,512,60,46,47,38,39,29,30,4,3,1,0,0,0,0,0,0
1692220667.797,76667.7972,3,0,312,312,104.85,2035,2064,9.94,11.10,988.65,29.22,260.66,15.84,31.22,2.98,308.57,42.03,625.05,1027.69,26.39,11.51,2.87,2.04,30000,3.0,16,1.75,4.81,0,8,255,512,38,43,49,41,26,47,47,14,7,0,0,0,0,0,0,0
1692220668.799,76668.7985,3,0,270,270,89.66,2035,2066,10.25,10.98,988.63,29.22,260.66,15.77,32.47,3.01,302.42,42.18,625.05,1029.45,26.31,11.52,2.87,2.04,30000,3.0,16,1.75,4.81,0,8,255,512,51,44,39,40,27,28,26,14,1,0,0,0,0,0,0,0
1692220669.798,76669.7984,3,0,303,303,102.30,2033,2062,9.76,11.07,988.67,29.24,260.66,17.44,32.45,2.96,304.18,42.30,624.62,1029.89,26.47,11.29,2.87,2.04,30000,3.0,16,1.75,4.81,0,8,255,512,51,38,48,39,35,51,28,11,2,0,0,0,0,0,0,0
1692220670.799,76670.7987,3,0,262,262,87.00,2034,2064,9.82,11.14,988.66,29.24,260.66,16.60,34.15,3.01,315.60,42.39,624.18,1029.01,26.45,11.67,2.87,2.04,30000,3.0,16,1.75,4.81,0,8,255,512,36,32,39,28,34,40,33,18,1,1,0,0,0,0,0,0
1692220671.797,76671.7971,3,0,283,283,92.86,2034,2063,9.73,11.16,988.71,29.24,260.66,17.53,34.26,3.05,310.77,42.49,622.42,1029.89,26.47,11.55,2.87,2.04,30000,3.0,16,1.75,4.81,0,8,255,512,42,40,28,38,26,42,41,20,1,4,0,0,0,0,1,0
1692220672.799,76672.7986,3,0,234,234,78.06,2034,2063,9.89,11.13,988.58,29.25,260.66,15.25,31.29,3.00,312.53,42.58,623.30,1030.33,26.45,11.67,2.87,2.04,30000,3.0,16,1.75,4.81,0,8,255,512,40,33,23,29,27,41,26,13,2,0,0,0,0,0,0,0
1692220673.799,76673.7986,3,0,265,265,88.08,2033,2061,9.16,11.05,988.64,29.25,260.66,16.38,32.23,3.01,314.73,42.68,623.30,1031.65,26.45,11.72,2.87,2.04,30000,3.0,16,1.75,4.81,0,8,255,512,47,33,26,30,38,43,34,10,4,0,0,0,0,0,0,0
1692220674.799,76674.7986,3,0,274,274,91.40,2034,2063,9.59,10.93,988.64,29.25,260.66,16.50,33.11,3.00,315.16,42.77,622.86,1029.45,26.45,11.75,2.87,2.04,30000,3.0,16,1.75,4.81,0,8,255,512,37,34,33,30,39,49,33,15,3,1,0,0,0,0,0,0
1692220675.799,76675.7986,3,0,281,281,94.43,2034,2064,9.94,10.90,988.64,29.26,260.66,17.55,34.57,2.98,314.73,42.83,623.30,1031.65,26.45,11.55,2.87,2.04,30000,3.0,16,1.75,4.81,0,8,255,512,43,48,25,40,32,36,37,18,1,0,0,0,1,0,0,0
1692220676.799,76676.7985,3,0,290,290,96.30,2033,2060,9.08,11.10,988.75,29.26,260.66,16.49,31.41,3.01,314.29,42.92,621.54,1032.09,26.53,11.29,2.87,2.04,30000,3.0,16,1.75,4.81,0,8,255,512,45,49,30,33,35,48,29,17,3,1,0,0,0,0,0,0
1692220677.799,76677.7985,3,0,293,293,96.41,2032,2059,9.14,10.98,988.64,29.24,260.66,15.44,32.85,3.04,315.16,43.02,623.30,1031.21,26.45,10.83,2.87,2.04,30000,3.0,16,1.75,4.81,0,8,255,512,50,46,46,40,27,33,37,10,4,0,0,0,0,0,0,0
1692220678.799,76678.7987,3,0,282,282,94.16,2032,2061,9.65,11.15,988.65,29.22,260.66,15.39,29.85,2.99,314.73,43.16,626.37,1030.77,26.64,11.05,2.87,2.04,30000,3.0,16,1.75,4.81,0,8,255,512,44,43,36,40,35,36,30,16,1,1,0,0,0,0,0,0
1692220679.799,76679.7985,3,0,302,302,99.19,2034,2064,9.99,10.98,988.64,29.22,260.66,16.41,32.34,3.04,315.60,43.15,621.98,1032.53,26.45,10.79,2.87,2.04,30000,3.0,16,1.75,4.81,0,8,255,512,50,49,45,43,28,42,29,14,2,0,0,0,0,0,0,0
1692220680.799,76680.7985,3,0,265,265,87.12,2032,2061,9.70,10.98,988.66,29.22,260.66,15.93,31.78,3.04,317.36,43.26,622.42,1032.97,26.39,10.31,2.87,2.04,30000,3.0,16,1.75,4.81,0,8,255,512,25,39,48,37,35,32,28,15,3,1,2,0,0,0,0,0
1692220681.798,76681.7978,3,0,283,283,94.32,2034,2064,9.98,11.01,988.67,29.22,260.66,16.71,33.74,3.00,316.92,43.16,621.54,1032.97,26.45,10.29,2.87,2.04,30000,3.0,16,1.75,4.81,0,8,255,512,48,36,32,35,27,51,36,13,3,2,0,0,0,0,0,0
1692220682.799,76682.7986,3,0,320,320,106.85,2035,2066,10.27,11.16,988.60,29.23,260.66,15.96,32.37,2.99,316.92,43.33,621.10,1033.85,26.45,11.84,2.87,2.04,30000,3.0,16,1.75,4.81,0,8,255,512,44,37,43,38,43,54,32,21,5,2,1,0,0,0,0,0
1692220683.798,76683.7975,3,0,299,299,100.20,2033,2062,9.57,11.60,988.60,29.24,260.66,17.84,34.96,2.98,315.60,43.41,622.86,1033.85,26.39,11.54,2.87,2.04,30000,3.0,16,1.75,4.81,0,8,255,512,53,54,34,31,35,36,30,22,1,1,0,2,0,0,0,0
1692220684.797,76684.7973,3,0,274,274,90.82,2034,2064,10.04,11.34,988.64,29.24,260.66,18.93,32.32,3.02,316.48,43.43,620.66,1034.73,26.20,11.08,2.87,2.04,30000,3.0,16,1.75,4.81,0,8,255,512,42,43,37,22,42,36,36,13,1,2,0,0,0,0,0,0
1692220685.799,76685.7986,3,0,302,302,100.56,2033,2062,9.60,11.08,988.61,29.25,260.66,16.57,32.20,3.00,316.04,43.50,621.10,1035.60,26.23,11.32,2.87,2.04,30000,3.0,16,1.75,4.81,0,8,255,512,48,39,57,37,31,42,33,10,4,1,0,0,0,0,0,0
1692220686.799,76686.7985,3,0,279,279,91.88,2035,2064,9.55,11.41,988.70,29.25,260.66,19.27,33.09,3.04,315.60,43.57,620.66,1035.16,26.42,11.11,2.87,2.04,30000,3.0,16,1.75,4.81,0,8,255,512,54,36,42,33,29,41,27,10,5,1,0,1,0,0,0,0
1692220687.799,76687.7985,3,0,296,296,98.83,2035,2063,9.41,10.98,988.67,29.26,260.66,16.57,31.02,2.99,314.73,43.56,621.10,1037.80,26.39,11.17,2.87,2.04,30000,3.0,16,1.75,4.81,0,8,255,512,52,37,49,33,34,43,36,11,1,0,0,0,0,0,0,0
1692220688.799,76688.7985,3,0,317,317,105.17,2034,2064,10.27,11.33,988.66,29.27,260.66,17.67,32.89,3.01,314.29,43.80,614.95,1035.60,26.39,11.38,2.87,2.04,30000,3.0,16,1.75,4.81,0,8,255,512,56,43,58,35,34,49,22,18,2,0,0,0,0,0,0,0
1692220689.797,76689.7975,3,0,314,314,102.66,2036,2064,9.10,10.99,988.69,29.28,260.66,15.85,30.96,3.06,316.48,43.67,621.10,1035.16,26.39,11.50,2.87,2.04,30000,3.0,16,1.75,4.81,0,8,255,512,34,48,37,45,31,43,46,23,6,1,0,0,0,0,0,0
1692220690.797,76690.7974,3,0,283,283,93.63,2035,2066,10.22,11.07,988.62,29.28,260.66,17.03,33.02,3.02,315.16,43.72,620.66,1036.04,26.39,11.29,2.87,2.04,30000,3.0,16,1.75,4.81,0,8,255,512,39,37,47,39,33,35,34,17,1,1,0,0,0,0,0,0
1692220691.798,76691.7975,3,0,296,296,98.74,2034,2063,9.74,11.07,988.75,29.30,260.66,16.15,31.98,3.00,314.73,43.76,620.66,1034.29,26.45,11.78,2.87,2.04,30000,3.0,16,1.75,4.81,0,8,255,512,39,40,37,38,39,39,43,15,4,2,0,0,0,0,0,0
1692220692.798,76692.7984,3,0,278,278,93.17,2033,2062,9.45,10.98,988.64,29.31,260.66,15.79,33.14,2.98,312.53,43.93,619.34,1036.48,26.39,11.40,2.87,2.04,30000,3.0,16,1.75,4.81,0,8,255,512,41,35,42,33,35,37,41,11,2,1,0,0,0,0,0,0
1692220693.797,76693.7974,3,0,320,320,107.54,2033,2063,9.98,11.13,988.66,29.33,260.66,16.49,32.48,2.98,316.92,43.83,619.34,1036.04,26.72,11.62,2.87,2.04,30000,3.0,16,1.75,4.81,0,8,255,512,52,40,36,55,33,45,39,16,3,1,0,0,0,0,0,0
1692220694.799,76694.7987,3,0,306,306,101.05,2034,2063,9.92,10.75,988.61,29.34,260.66,15.62,31.57,3.03,316.48,43.87,619.78,1036.04,26.36,10.84,2.87,2.04,30000,3.0,16,1.75,4.81,0,8,255,512,47,50,41,39,41,42,31,13,1,0,1,0,0,0,0,0
1692220695.799,76695.7985,3,0,292,292,96.34,2032,2061,9.62,11.50,988.61,29.32,260.66,17.23,33.16,3.03,315.60,43.87,618.46,1034.29,26.34,11.27,2.87,2.04,30000,3.0,16,1.75,4.81,0,8,255,512,52,42,46,29,31,46,31,14,1,0,0,0,0,0,0,0
1692220696.797,76696.7972,3,0,279,279,92.31,2033,2062,9.41,11.46,988.66,29.31,260.66,16.64,31.87,3.02,314.73,43.94,619.78,1035.60,26.39,10.92,2.87,2.04,30000,3.0,16,1.75,4.81,0,8,255,512,38,38,34,31,40,43,28,19,4,4,0,0,0,0,0,0
1692220697.798,76697.7985,3,0,296,296,101.36,2033,2060,9.11,11.38,988.63,29.32,260.66,16.96,32.57,2.92,315.60,43.93,619.34,1036.48,26.42,10.50,2.87,2.04,30000,3.0,16,1.75,4.81,0,8,255,512,61,40,31,45,37,29,35,12,3,2,1,0,0,0,0,0
1692220698.799,76698.7986,3,0,305,305,101.28,2035,2064,9.55,11.40,988.60,29.32,260.66,17.09,31.63,3.01,315.60,44.00,618.90,1036.48,26.34,10.52,2.87,2.04,30000,3.0,16,1.75,4.81,0,8,255,512,49,34,42,42,33,47,39,17,0,2,0,0,0,0,0,0
1692220699.797,76699.7974,3,0,299,299,99.74,2034,2062,9.36,11.05,988.66,29.33,260.66,16.68,33.11,3.00,316.92,44.02,621.98,1036.92,26.75,10.45,2.87,2.04,30000,3.0,16,1.75,4.81,0,8,255,512,41,50,41,38,40,33,37,13,3,3,0,0,0,0,0,0
1692220700.797,76700.7974,3,0,274,274,90.57,2036,2065,9.96,11.25,988.67,29.35,260.66,17.03,33.38,3.03,316.04,44.04,618.90,1037.36,26.36,11.11,2.87,2.04,30000,3.0,16,1.75,4.81,0,8,255,512,56,34,40,30,34,31,40,7,2,0,0,0,0,0,0,0
1692220701.799,76701.7986,3,0,293,293,96.06,2035,2065,10.01,11.13,988.70,29.36,260.66,14.16,29.91,3.05,315.16,44.04,604.84,1036.92,26.39,10.88,2.87,2.04,30000,3.0,16,1.75,4.81,0,8,255,512,46,45,45,48,28,36,32,11,2,0,0,0,0,0,0,0
1692220702.799,76702.7988,3,0,272,272,89.25,2034,2063,9.65,10.99,988.69,29.37,260.67,17.16,30.95,3.05,316.04,44.09,619.78,1036.92,26.39,10.65,2.87,2.04,30000,3.0,16,1.75,4.81,0,8,255,512,38,35,46,34,36,30,40,8,4,1,0,0,0,0,0,0
1692220703.797,76703.7974,3,0,282,282,93.81,2035,2063,9.45,11.28,988.65,29.37,260.67,17.38,32.19,3.01,316.48,44.11,622.42,1027.69,26.39,10.65,2.87,2.04,30000,3.0,16,1.75,4.81,0,8,255,512,46,33,37,38,30,47,37,11,2,0,1,0,0,0,0,0
1692220704.798,76704.7985,3,0,276,276,92.16,2035,2065,9.85,11.06,988.64,29.36,260.67,16.75,32.61,2.99,313.41,44.15,618.90,1039.12,26.42,10.95,2.87,2.04,30000,3.0,16,1.75,4.81,0,8,255,512,50,38,38,33,26,37,36,15,1,2,0,0,0,0,0,0
1692220705.799,76705.7987,3,0,281,281,92.63,2034,2064,9.84,11.22,988.60,29.37,260.67,16.40,32.22,3.03,315.60,44.15,618.90,1037.36,26.34,10.97,2.87,2.04,30000,3.0,16,1.75,4.81,0,8,255,512,44,37,36,35,30,41,35,19,3,0,0,1,0,0,0,0
1692220706.797,76706.7975,3,0,303,303,99.52,2034,2063,9.64,11.10,988.71,29.38,260.67,17.64,34.05,3.04,317.36,44.17,618.90,1037.36,26.45,11.07,2.87,2.04,30000,3.0,16,1.75,4.81,0,8,255,512,59,36,46,43,35,37,32,11,3,1,0,0,0,0,0,0
1692220707.799,76707.7986,3,0,273,273,89.58,2034,2065,10.25,11.01,988.66,29.39,260.67,16.60,32.85,3.05,315.60,44.18,618.46,1037.36,26.42,10.75,2.87,2.04,30000,3.0,16,1.75,4.81,0,8,255,512,39,47,32,42,31,44,19,15,3,1,0,0,0,0,0,0
1692220708.799,76708.7986,3,0,297,297,99.63,2035,2063,9.36,11.16,988.62,29.41,260.67,17.25,32.70,2.98,314.73,44.18,618.02,1036.92,26.42,11.26,2.87,2.04,30000,3.0,16,1.75,4.81,0,8,255,512,38,51,45,38,31,40,36,16,1,1,0,0,0,0,0,0
1692220709.797,76709.7973,3,0,291,291,95.66,2034,2063,9.69,11.18,988.71,29.43,260.67,17.26,32.83,3.04,315.16,44.20,617.58,1035.16,26.39,11.41,2.87,2.04,30000,3.0,16,1.75,4.81,0,8,255,512,42,39,36,41,28,45,43,14,1,0,0,1,0,0,1,0
1692220710.797,76710.7973,3,0,314,314,103.04,2033,2064,10.28,11.02,988.66,29.45,260.67,16.27,32.78,3.05,313.41,44.17,617.58,1037.80,26.47,11.96,2.87,2.04,30000,3.0,16,1.75,4.81,0,8,255,512,42,52,36,54,34,45,35,15,0,0,1,0,0,0,0,0
1692220711.799,76711.7985,3,0,267,267,88.50,2033,2063,9.98,11.30,988.63,29.47,260.67,15.28,31.80,3.02,315.16,44.22,618.46,1037.36,26.45,11.90,2.87,2.04,30000,3.0,16,1.75,4.81,0,8,255,512,40,45,31,38,28,38,26,16,5,0,0,0,0,0,0,0
1692220712.798,76712.7979,3,0,281,281,94.00,2032,2061,9.45,11.25,988.75,29.48,260.67,17.43,31.24,2.99,315.16,44.26,616.26,1038.24,26.36,11.68,2.87,2.04,30000,3.0,16,1.75,4.81,0,8,255,512,57,37,36,35,35,36,31,11,3,0,0,0,0,0,0,0
1692220713.799,76713.7986,3,0,294,294,97.27,2032,2060,9.38,11.20,988.67,29.50,260.67,15.64,30.93,3.02,315.16,44.24,617.58,1038.24,26.20,12.01,2.87,2.04,30000,3.0,16,1.75,4.81,0,8,255,512,49,54,42,39,23,45,26,13,2,0,0,0,0,1,0,0
1692220714.797,76714.7975,3,0,305,305,101.00,2031,2059,9.20,10.98,988.69,29.52,260.67,17.33,33.26,3.02,318.68,44.29,617.14,1038.68,26.42,11.89,2.87,2.04,30000,3.0,16,1.75,4.81,0,8,255,512,40,48,51,35,34,39,33,19,2,3,1,0,0,0,0,0
1692220715.799,76715.7986,3,0,275,275,90.82,2035,2063,9.46,10.93,988.63,29.53,260.67,15.25,31.91,3.03,315.60,44.37,616.26,1037.36,26.61,11.66,2.87,2.04,30000,3.0,16,1.75,4.81,0,8,255,512,44,38,36,42,32,40,26,13,2,1,1,0,0,0,0,0
1692220716.798,76716.7976,3,0,291,291,96.54,2032,2060,9.35,11.37,988.71,29.55,260.67,17.63,30.99,3.01,315.16,44.31,614.95,1038.24,26.42,12.01,2.87,2.04,30000,3.0,16,1.75,4.81,0,8,255,512,34,41,46,46,36,43,32,9,2,1,1,0,0,0,0,0
1692220717.797,76717.7973,3,0,289,289,95.27,2032,2061,9.79,11.11,988.64,29.56,260.67,16.06,32.38,3.03,315.60,44.31,617.58,1038.24,26.36,11.28,2.87,2.04,30000,3.0,16,1.75,4.81,0,8,255,512,46,34,38,40,39,41,31,15,4,1,0,0,0,0,0,0
1692220718.797,76718.7973,3,0,290,290,95.86,2032,2061,9.55,11.29,988.68,29.58,260.67,16.45,33.04,3.03,316.92,44.33,616.70,1038.24,26.12,10.97,2.87,2.04,30000,3.0,16,1.75,4.81,0,8,255,512,37,38,45,41,26,52,31,13,4,2,0,1,0,0,0,0
1692220719.799,76719.7986,3,0,304,304,101.22,2032,2062,9.98,10.72,988.65,29.58,260.67,16.35,33.20,3.00,317.36,44.66,616.26,1038.68,26.31,10.77,2.87,2.04,30000,3.0,16,1.75,4.81,0,8,255,512,39,55,42,48,26,35,39,17,3,0,0,0,0,0,0,0
1692220720.797,76720.7972,3,0,281,281,92.46,2032,2059,9.21,11.18,988.67,29.59,260.67,16.07,32.28,3.04,316.48,44.40,616.70,1038.24,26.42,11.13,2.87,2.04,30000,3.0,16,1.75,4.81,0,8,255,512,32,36,38,42,21,54,40,12,5,1,0,0,0,0,0,0
1692220721.799,76721.7985,3,0,278,278,93.08,2030,2060,10.04,11.03,988.66,29.61,260.67,15.45,32.84,2.99,321.32,44.33,617.14,1038.68,26.36,11.78,2.87,2.04,30000,3.0,16,1.75,4.81,0,8,255,512,44,34,45,26,39,31,46,10,2,1,0,0,0,0,0,0
1692220722.797,76722.7973,3,0,270,270,89.00,2031,2061,9.82,11.09,988.64,29.61,260.67,16.54,32.11,3.03,316.92,44.53,617.58,1037.80,26.45,11.38,2.87,2.04,30000,3.0,16,1.75,4.81,0,8,255,512,35,34,36,45,26,36,35,20,1,2,0,0,0,0,0,0
1692220723.799,76723.7987,3,0,275,275,90.49,2032,2063,10.57,11.60,988.61,29.60,260.67,16.29,34.01,3.04,316.04,44.39,616.70,1037.36,26.39,10.62,2.87,2.04,30000,3.0,16,1.75,4.81,0,8,255,512,42,26,38,40,45,41,25,14,2,1,1,0,0,0,0,0
1692220724.798,76724.7975,3,0,303,303,101.55,2030,2059,9.60,11.41,988.69,29.60,260.67,17.56,33.19,2.98,316.04,43.94,616.70,1039.12,26.42,10.71,2.87,2.04,30000,3.0,16,1.75,4.81,0,8,255,512,53,31,46,38,30,41,43,16,3,2,0,0,0,0,0,0
1692220725.799,76725.7987,3,0,300,300,100.45,2030,2059,9.38,10.84,988.68,29.61,260.67,16.03,31.16,2.99,316.04,44.29,619.78,1039.12,26.45,10.88,2.87,2.04,30000,3.0,16,1.75,4.81,0,8,255,512,46,49,41,37,41,32,36,10,5,3,0,0,0,0,0,0
1692220726.797,76726.7975,3,0,283,283,94.14,2032,2060,9.13,10.87,988.62,29.61,260.67,16.69,32.12,3.01,315.60,44.37,615.82,1039.12,26.42,10.74,2.87,2.04,30000,3.0,16,1.75,4.81,0,8,255,512,39,30,41,36,40,41,34,19,1,2,0,0,0,0,0,0
1692220727.799,76727.7986,3,0,338,338,112.34,2033,2060,9.06,10.99,988.67,29.62,260.67,15.49,32.05,3.01,316.48,44.42,616.26,1039.56,26.45,11.14,2.87,2.04,30000,3.0,16,1.75,4.81,0,8,255,512,60,42,52,32,47,50,38,9,5,2,0,0,1,0,0,0
1692220728.799,76728.7985,3,0,285,285,93.35,2033,2064,10.10,10.84,988.64,29.63,260.67,16.10,31.46,3.05,316.48,44.42,613.63,1039.12,26.47,11.01,2.87,2.04,30000,3.0,16,1.75,4.81,0,8,255,512,40,45,47,33,26,40,35,18,0,1,0,0,0,0,0,0
1692220729.798,76729.7981,3,0,305,305,102.22,2031,2059,9.16,11.08,988.65,29.65,260.67,16.93,31.56,2.98,316.48,44.48,616.26,1038.68,26.45,10.99,2.87,2.04,30000,3.0,16,1.75,4.81,0,8,255,512,49,48,50,32,40,40,28,15,2,1,0,0,0,0,0,0
1692220730.797,76730.7971,3,0,293,293,96.50,2034,2062,9.32,11.02,988.65,29.67,260.67,16.80,31.75,3.04,315.60,44.42,616.26,1032.97,26.45,11.21,2.87,2.04,30000,3.0,16,1.75,4.81,0,8,255,512,40,51,42,32,29,40,36,17,2,2,1,0,1,0,0,0
1692220731.797,76731.7972,3,0,293,293,97.20,2032,2061,9.68,11.18,988.66,29.70,260.67,16.22,31.95,3.01,315.60,44.46,615.38,1040.88,26.47,11.61,2.87,2.04,30000,3.0,16,1.75,4.81,0,8,255,512,46,39,48,35,29,46,32,10,7,1,0,0,0,0,0,0
1692220732.797,76732.7971,3,0,286,286,96.29,2032,2062,10.06,11.36,988.63,29.70,260.67,17.19,31.62,2.97,316.04,44.44,616.26,1039.12,26.45,11.72,2.87,2.04,30000,3.0,16,1.75,4.81,0,8,255,512,53,49,44,33,26,35,30,14,1,1,0,0,0,0,0,0
1692220733.797,76733.7972,3,0,304,304,101.79,2032,2062,9.91,11.44,988.71,29.70,260.67,15.26,31.51,2.99,317.36,44.46,615.38,1039.12,26.47,11.98,2.87,2.04,30000,3.0,16,1.75,4.81,0,8,255,512,49,46,37,38,28,52,41,13,0,0,0,0,0,0,0,0
1692220734.797,76734.7974,3,0,299,299,97.23,2034,2063,9.79,11.09,988.66,29.71,260.67,16.14,31.73,3.08,313.85,44.46,615.82,1039.12,26.47,12.03,2.87,2.04,30000,3.0,16,1.75,4.81,0,8,255,512,49,52,38,38,42,37,26,13,2,2,0,0,0,0,0,0
1692220735.797,76735.7973,3,0,292,292,97.68,2033,2061,9.32,11.22,988.68,29.71,260.67,15.24,31.29,2.99,315.16,44.44,614.95,1038.68,26.47,12.04,2.87,2.04,30000,3.0,16,1.75,4.81,0,8,255,512,64,34,39,38,29,37,32,13,5,0,1,0,0,0,0,0
1692220736.797,76736.7974,3,0,277,277,91.39,2032,2061,9.40,11.07,988.70,29.71,260.67,16.89,31.83,3.03,315.60,44.42,614.07,1038.68,26.45,11.84,2.87,2.04,30000,3.0,16,1.75,4.81,0,8,255,512,42,40,38,41,34,42,27,8,2,0,2,0,0,1,0,0
1692220737.797,76737.7973,3,0,304,304,100.12,2033,2061,9.33,11.21,988.61,29.72,260.67,16.70,32.45,3.04,316.04,44.31,614.95,1038.24,26.42,11.56,2.87,2.04,30000,3.0,16,1.75,4.81,0,8,255,512,48,46,44,41,30,43,39,9,4,0,0,0,0,0,0,0
1692220738.797,76738.7972,3,0,276,276,90.81,2033,2060,9.19,11.23,988.61,29.72,260.68,15.24,31.12,3.04,314.29,44.46,615.38,1040.88,26.47,11.15,2.87,2.04,30000,3.0,16,1.75,4.81,0,8,255,512,47,37,47,29,38,27,36,13,2,0,0,0,0,0,0,0
1692220739.797,76739.7971,3,0,246,246,80.87,2034,2063,9.54,11.67,988.58,29.74,260.68,15.24,30.95,3.04,315.60,44.46,618.02,1038.68,26.42,10.90,2.87,2.04,30000,3.0,16,1.75,4.81,0,8,255,512,37,38,43,41,23,23,26,13,1,1,0,0,0,0,0,0
1692220740.797,76740.7971,3,0,295,295,98.14,2033,2064,10.11,11.25,988.70,29.76,260.68,16.80,32.02,3.01,315.60,44.53,614.51,1042.20,26.39,10.78,2.87,2.04,30000,3.0,16,1.75,4.81,0,8,255,512,44,54,35,41,38,36,27,16,4,0,0,0,0,0,0,0
1692220741.797,76741.7971,3,0,300,300,99.25,2032,2060,9.33,11.15,988.67,29.77,260.68,15.54,32.67,3.02,314.29,44.55,614.95,1038.24,26.42,10.73,2.87,2.04,30000,3.0,16,1.75,4.81,0,8,255,512,50,42,61,36,36,31,34,8,1,0,1,0,0,0,0,0
1692220742.797,76742.7972,3,0,290,290,95.59,2034,2062,9.24,11.55,988.71,29.78,260.68,13.91,30.44,3.03,314.29,44.44,614.95,1039.12,26.42,10.76,2.87,2.04,30000,3.0,16,1.75,4.81,0,8,255,512,50,41,40,37,27,42,37,14,0,2,0,0,0,0,0,0
1692220743.797,76743.7975,3,0,307,307,100.47,2033,2062,9.91,11.46,988.66,29.80,260.68,16.52,32.30,3.06,311.65,44.48,615.38,1039.12,26.45,10.81,2.87,2.04,30000,3.0,16,1.75,4.81,0,8,255,512,63,53,50,36,23,41,32,9,0,0,0,0,0,0,0,0
1692220744.797,76744.7974,3,0,319,319,106.12,2034,2061,9.14,11.15,988.64,29.82,260.68,16.16,30.50,3.01,315.16,44.50,618.90,1040.00,26.39,10.86,2.87,2.04,30000,3.0,16,1.75,4.81,0,8,255,512,59,45,33,45,32,45,48,7,4,1,0,0,0,0,0,0
1692220745.797,76745.7973,3,0,297,297,98.17,2034,2065,10.31,10.98,988.66,29.85,260.68,15.79,30.94,3.03,299.78,44.48,614.95,1040.00,26.39,10.96,2.87,2.04,30000,3.0,16,1.75,4.81,0,8,255,512,56,51,40,38,32,29,38,10,2,1,0,0,0,0,0,0
1692220746.798,76746.7975,3,0,323,323,106.67,2033,2062,9.86,11.03,988.73,29.87,260.68,16.09,30.60,3.03,314.73,44.50,608.35,1040.44,26.56,11.11,2.87,2.04,30000,3.0,16,1.75,4.81,0,8,255,512,61,49,44,38,43,40,25,17,2,2,0,1,1,0,0,0
1692220747.797,76747.7971,3,0,310,310,102.47,2033,2064,10.46,11.17,988.62,29.88,260.68,15.39,30.65,3.03,314.73,44.51,615.38,1040.00,26.47,11.07,2.87,2.04,30000,3.0,16,1.75,4.81,0,8,255,512,48,44,38,43,29,44,41,19,4,0,0,0,0,0,0,0
1692220748.797,76748.7975,3,0,268,268,88.67,2034,2063,9.72,11.13,988.69,29.88,260.68,17.32,32.91,3.02,312.53,44.51,615.38,1043.96,26.31,11.31,2.87,2.04,30000,3.0,16,1.75,4.81,0,8,255,512,44,31,41,35,26,46,35,9,0,1,0,0,0,0,0,0
1692220749.797,76749.7973,3,0,273,273,91.41,2032,2061,9.84,11.30,988.62,29.88,260.68,18.08,31.85,2.99,313.85,44.53,612.31,1040.00,26.45,11.28,2.87,2.04,30000,3.0,16,1.75,4.81,0,8,255,512,42,41,34,39,28,40,29,16,3,1,0,0,0,0,0,0
1692220750.797,76750.7973,3,0,265,265,88.08,2033,2063,9.95,11.31,988.68,29.89,260.68,16.23,32.19,3.01,312.97,44.50,614.95,1040.00,26.42,11.38,2.87,2.04,30000,3.0,16,1.75,4.81,0,8,255,512,37,38,38,39,34,37,26,12,2,2,0,0,0,0,0,0
1692220751.797,76751.7974,3,0,287,287,95.39,2033,2062,9.78,11.13,988.66,29.89,260.68,16.33,32.63,3.01,312.97,44.53,614.95,1039.12,26.47,11.50,2.87,2.04,30000,3.0,16,1.75,4.81,0,8,255,512,40,38,44,43,35,47,28,11,0,1,0,0,0,0,0,0
1692220752.797,76752.7973,3,0,256,256,86.11,2034,2062,9.39,11.00,988.62,29.89,260.68,17.38,32.31,2.97,311.65,44.84,614.95,1040.00,26.45,11.50,2.87,2.04,30000,3.0,16,1.75,4.81,0,8,255,512,41,35,25,38,28,50,23,14,2,0,0,0,0,0,0,0
1692220753.797,76753.7974,3,0,287,287,96.27,2033,2063,9.97,11.25,988.62,29.91,260.68,16.10,31.27,2.98,313.85,44.53,614.95,1040.00,26.47,11.56,2.87,2.04,30000,3.0,16,1.75,4.81,0,8,255,512,43,49,44,39,31,37,24,15,4,1,0,0,0,0,0,0
1692220754.797,76754.7972,3,0,308,308,102.27,2031,2060,9.56,11.02,988.71,29.93,260.68,16.15,31.89,3.01,313.85,44.53,614.51,1040.00,26.53,11.63,2.87,2.04,30000,3.0,16,1.75,4.81,0,8,255,512,45,54,39,31,34,51,37,17,0,0,0,0,0,0,0,0
1692220755.797,76755.7973,3,0,280,280,92.64,2032,2061,9.60,11.34,988.73,29.95,260.68,16.17,33.12,3.02,313.41,44.51,609.67,1040.44,26.45,11.76,2.87,2.04,30000,3.0,16,1.75,4.81,0,8,255,512,40,39,49,36,32,38,29,14,2,1,0,0,0,0,0,0
1692220756.797,76756.7974,3,0,270,270,89.41,2033,2060,9.24,10.95,988.73,29.97,260.68,16.05,31.40,3.02,313.85,44.66,614.51,1040.44,26.31,11.84,2.87,2.04,30000,3.0,16,1.75,4.81,0,8,255,512,41,53,38,34,33,33,21,11,3,2,1,0,0,0,0,0
1692220757.797,76757.7975,3,0,300,300,99.62,2033,2064,10.05,11.15,988.69,30.00,260.68,16.93,32.42,3.01,315.16,44.53,614.95,1038.68,26.45,11.90,2.87,2.04,30000,3.0,16,1.75,4.81,0,8,255,512,47,54,42,29,32,41,40,11,2,2,0,0,0,0,0,0
1692220758.798,76758.7975,3,0,284,284,94.65,2033,2060,9.28,11.65,988.67,30.02,260.68,15.65,32.29,3.00,312.09,44.55,614.51,1038.24,26.39,11.86,2.87,2.04,30000,3.0,16,1.75,4.81,0,8,255,512,41,50,35,36,27,44,28,20,2,0,1,0,0,0,0,0
1692220759.797,76759.7973,3,0,285,285,95.69,2033,2062,9.82,11.11,988.66,30.02,260.68,16.48,31.62,2.98,313.85,44.42,615.38,1039.56,26.83,12.05,2.87,2.04,30000,3.0,16,1.75,4.81,0,8,255,512,54,41,26,38,37,38,37,12,0,1,0,0,1,0,0,0
1692220760.797,76760.7973,3,0,290,290,95.08,2032,2061,9.96,11.08,988.70,30.02,260.68,17.14,31.86,3.05,313.85,44.57,614.51,1039.56,26.50,12.11,2.87,2.04,30000,3.0,16,1.75,4.81,0,8,255,512,40,38,40,44,32,55,29,9,3,0,0,0,0,0,0,0
1692220761.797,76761.7972,3,0,341,341,113.54,2033,2060,8.99,11.04,988.67,30.04,260.68,16.00,33.19,3.00,313.41,44.57,614.51,1039.56,26.50,12.14,2.87,2.04,30000,3.0,16,1.75,4.81,0,8,255,512,49,62,54,38,36,49,38,11,3,1,0,0,0,0,0,0
1692220762.797,76762.7974,3,0,282,282,93.81,2033,2060,9.04,11.24,988.76,30.06,260.68,15.86,31.20,3.01,312.97,44.55,614.51,1040.00,26.50,12.03,2.87,2.04,30000,3.0,16,1.75,4.81,0,8,255,512,52,45,33,31,32,34,36,15,3,1,0,0,0,0,0,0
1692220763.797,76763.7971,3,0,270,270,88.52,2033,2064,10.27,11.06,988.70,30.06,260.68,14.48,30.50,3.05,309.89,44.55,613.19,1039.56,26.50,11.90,2.87,2.04,30000,3.0,16,1.75,4.81,0,8,255,512,42,48,46,38,27,30,22,13,2,2,0,0,0,0,0,0
1692220764.797,76764.7975,3,0,264,264,86.71,2035,2062,9.30,11.10,988.69,30.08,260.68,16.38,31.83,3.04,313.41,44.55,613.19,1039.56,26.47,11.65,2.87,2.04,30000,3.0,16,1.75,4.81,0,8,255,512,51,40,37,29,24,29,34,19,1,0,0,0,0,0,0,0
1692220765.797,76765.7974,3,0,277,277,92.32,2034,2064,9.93,11.32,988.68,30.08,260.68,15.53,30.63,3.00,313.85,44.42,613.19,1040.00,26.47,11.65,2.87,2.04,30000,3.0,16,1.75,4.81,0,8,255,512,51,41,31,40,44,32,30,7,1,0,0,0,0,0,0,0
1692220766.797,76766.7975,3,0,292,292,96.69,2032,2062,10.05,11.02,988.65,30.07,260.68,16.91,32.91,3.02,313.85,44.57,614.07,1039.12,26.47,11.35,2.87,2.04,30000,3.0,16,1.75,4.81,0,8,255,512,35,50,42,39,39,41,31,13,1,0,0,1,0,0,0,0
1692220767.797,76767.7974,3,0,303,303,102.49,2032,2062,9.93,11.00,988.64,30.08,260.68,16.40,32.86,2.96,313.85,44.57,611.43,1040.88,26.39,11.18,2.87,2.04,30000,3.0,16,1.75,4.81,0,8,255,512,51,46,46,44,29,35,33,17,2,0,0,0,0,0,0,0
1692220768.797,76768.7973,3,0,273,273,89.91,2034,2064,9.98,11.30,988.70,30.09,260.68,15.85,31.63,3.04,313.41,44.04,614.07,1039.56,26.53,10.96,2.87,2.04,30000,3.0,16,1.75,4.81,0,8,255,512,54,34,41,24,34,34,31,19,1,1,0,0,0,0,0,0
1692220769.797,76769.7972,3,0,281,281,93.57,2032,2059,9.27,11.71,988.71,30.10,260.68,16.87,32.26,3.00,313.85,44.59,612.31,1039.56,26.50,10.77,2.87,2.04,30000,3.0,16,1.75,4.81,0,8,255,512,40,36,49,36,34,39,32,11,3,0,0,1,0,0,0,0
1692220770.797,76770.7974,3,0,284,284,95.00,2032,2061,9.52,11.41,988.72,30.10,260.68,17.11,32.57,2.99,313.85,44.48,618.02,1040.00,26.50,10.78,2.87,2.04,30000,3.0,16,1.75,4.81,0,8,255,512,37,53,32,39,38,44,25,15,1,0,0,0,0,0,0,0
1692220771.797,76771.7973,3,0,313,313,104.61,2033,2062,9.75,11.23,988.63,30.10,260.68,16.46,34.12,2.99,313.41,44.57,614.07,1041.32,26.50,10.76,2.87,2.04,30000,3.0,16,1.75,4.81,0,8,255,512,48,37,43,34,42,52,36,16,2,2,1,0,0,0,0,0
1692220772.797,76772.7971,3,0,311,311,102.42,2034,2063,9.90,11.37,988.71,30.11,260.68,16.20,31.83,3.04,312.09,44.57,613.19,1037.80,26.56,10.81,2.87,2.04,30000,3.0,16,1.75,4.81,0,8,255,512,62,37,38,42,31,50,33,14,1,0,1,1,1,0,0,0
1692220773.798,76773.7975,3,0,295,295,98.68,2033,2061,9.41,11.14,988.67,30.12,260.68,18.08,31.72,2.99,316.48,44.50,610.99,1040.00,26.53,11.02,2.87,2.04,30000,3.0,16,1.75,4.81,0,8,255,512,48,45,39,46,34,37,28,15,3,0,0,0,0,0,0,0
1692220774.797,76774.7971,3,0,291,291,95.84,2034,2063,9.81,11.10,988.65,30.14,260.69,17.82,33.33,3.04,313.41,44.51,613.63,1040.00,26.56,10.99,2.87,2.04,30000,3.0,16,1.75,4.81,0,8,255,512,55,39,46,38,33,37,32,9,2,0,0,0,0,0,0,0
1692220775.797,76775.7974,3,0,301,301,100.78,2034,2063,9.60,11.02,988.69,30.17,260.69,17.56,31.56,2.99,312.97,44.53,613.63,1040.88,26.53,11.24,2.87,2.04,30000,3.0,16,1.75,4.81,0,8,255,512,50,43,53,36,24,42,33,17,0,1,1,0,1,0,0,0
1692220776.797,76776.7974,3,0,312,312,105.05,2034,2063,9.70,11.33,988.57,30.20,260.69,16.53,32.01,2.97,312.09,44.59,613.19,1031.65,26.50,11.25,2.87,2.04,30000,3.0,16,1.75,4.81,0,8,255,512,55,49,37,34,31,50,38,15,2,1,0,0,0,0,0,0
1692220777.797,76777.7973,3,0,280,280,91.47,2034,2063,9.64,10.97,988.66,30.20,260.69,15.88,31.79,3.06,313.41,44.57,614.07,1039.56,26.56,11.41,2.87,2.04,30000,3.0,16,1.75,4.81,0,8,255,512,35,52,46,28,24,40,31,20,4,0,0,0,0,0,0,0
1692220778.797,76778.7974,3,0,296,296,99.38,2033,2062,9.61,11.22,988.70,30.21,260.69,16.70,32.16,2.98,313.41,44.62,612.75,1040.00,26.56,11.54,2.87,2.04,30000,3.0,16,1.75,4.81,0,8,255,512,40,39,49,41,28,51,35,7,3,2,0,0,1,0,0,0
1692220779.797,76779.7975,3,0,288,288,94.94,2032,2062,9.86,11.37,988.68,30.21,260.69,16.49,32.44,3.03,312.97,44.90,612.75,1040.00,26.50,11.63,2.87,2.04,30000,3.0,16,1.75,4.81,0,8,255,512,43,47,44,34,23,43,37,11,3,1,1,0,0,0,1,0
1692220780.797,76780.7973,3,0,309,309,102.79,2035,2063,9.61,11.01,988.66,30.22,260.69,16.05,32.77,3.01,312.97,44.59,612.75,1040.44,26.56,11.76,2.87,2.04,30000,3.0,16,1.75,4.81,0,8,255,512,53,51,56,38,33,36,29,11,1,1,0,0,0,0,0,0
1692220781.797,76781.7972,3,0,275,275,91.91,2033,2063,9.93,10.98,988.69,30.24,260.69,14.72,30.18,2.99,312.97,44.66,613.63,1040.44,26.50,11.92,2.87,2.04,30000,3.0,16,1.75,4.81,0,8,255,512,51,37,35,27,30,41,35,11,6,2,0,0,0,0,0,0
1692220782.797,76782.7974,3,0,308,308,101.81,2033,2062,9.68,11.35,988.60,30.26,260.69,16.89,33.13,3.03,312.97,44.60,613.19,1039.56,26.47,12.12,2.87,2.04,30000,3.0,16,1.75,4.81,0,8,255,512,49,40,47,46,37,40,35,11,2,0,1,0,0,0,0,0
1692220783.797,76783.7971,3,0,286,286,94.79,2033,2062,9.66,11.12,988.65,30.28,260.69,16.28,32.81,3.02,315.16,44.60,613.63,1038.68,26.53,12.12,2.87,2.04,30000,3.0,16,1.75,4.81,0,8,255,512,41,55,34,36,38,35,34,12,1,0,0,0,0,0,0,0
1692220784.797,76784.7971,3,0,268,268,89.24,2034,2061,9.07,11.29,988.68,30.30,260.69,16.05,31.74,3.00,312.97,44.62,612.75,1039.56,26.47,11.85,2.87,2.04,30000,3.0,16,1.75,4.81,0,8,255,512,43,43,23,28,37,42,35,13,0,3,1,0,0,0,0,0
1692220785.797,76785.7975,3,0,308,308,104.97,2034,2063,9.44,11.15,988.61,30.31,260.69,15.35,31.74,2.93,311.21,44.60,613.63,1038.68,26.50,11.60,2.87,2.04,30000,3.0,16,1.75,4.81,0,8,255,512,51,36,38,39,36,46,42,16,2,1,1,0,0,0,0,0
1692220786.797,76786.7973,3,0,284,284,95.27,2033,2063,9.76,11.03,988.64,30.31,260.69,16.73,32.82,2.98,314.29,44.97,612.31,1039.56,26.53,11.45,2.87,2.04,30000,3.0,16,1.75,4.81,0,8,255,512,42,39,35,44,30,44,37,13,0,0,0,0,0,0,0,0
1692220787.798,76787.7976,3,0,288,288,94.33,2032,2061,9.79,11.03,988.65,30.33,260.69,17.13,33.05,3.05,313.85,44.59,612.75,1039.56,26.56,11.00,2.87,2.04,30000,3.0,16,1.75,4.81,0,8,255,512,42,44,35,41,26,46,35,13,3,3,0,0,0,0,0,0
1692220788.797,76788.7971,3,0,303,303,100.52,2032,2060,9.35,11.02,988.60,30.34,260.69,16.71,32.57,3.01,314.29,44.59,613.19,1040.88,26.50,11.03,2.87,2.04,30000,3.0,16,1.75,4.81,0,8,255,512,56,45,25,48,37,41,38,11,2,0,0,0,0,0,0,0
1692220789.797,76789.7973,3,0,286,286,95.67,2033,2060,9.20,11.55,988.67,30.36,260.69,16.36,32.06,2.99,312.53,44.64,613.63,1040.44,26.45,10.81,2.87,2.04,30000,3.0,16,1.75,4.81,0,8,255,512,44,51,40,31,33,46,22,16,3,0,0,0,0,0,0,0
1692220790.797,76790.7972,3,0,316,316,103.98,2032,2062,9.82,11.20,988.65,30.37,260.69,17.07,32.53,3.04,314.73,44.57,612.75,1040.00,26.47,10.86,2.87,2.04,30000,3.0,16,1.75,4.81,0,8,255,512,50,47,47,43,33,49,26,17,4,0,0,0,0,0,0,0
1692220791.797,76791.7972,3,0,312,312,105.74,2034,2063,9.50,11.18,988.65,30.39,260.69,15.80,31.85,2.95,312.97,44.60,613.19,1040.00,26.45,10.93,2.87,2.04,30000,3.0,16,1.75,4.81,0,8,255,512,62,40,56,39,17,42,36,19,1,0,0,0,0,0,0,0
1692220792.797,76792.7974,3,0,302,302,99.64,2033,2062,9.65,11.37,988.66,30.40,260.69,16.11,30.77,3.03,314.73,44.59,614.51,1044.84,26.45,11.16,2.87,2.04,30000,3.0,16,1.75,4.81,0,8,255,512,51,44,33,41,37,39,37,15,4,1,0,0,0,0,0,0
1692220793.797,76793.7973,3,0,272,272,89.25,2030,2059,9.68,11.27,988.64,30.41,260.69,15.35,31.56,3.05,312.53,44.59,612.75,1040.00,26.45,11.26,2.87,2.04,30000,3.0,16,1.75,4.81,0,8,255,512,41,45,33,45,26,37,33,10,2,0,0,0,0,0,0,0
1692220794.797,76794.7975,3,0,292,292,96.87,2033,2062,9.70,11.43,988.60,30.42,260.69,16.03,32.03,3.01,313.41,44.62,610.55,1040.88,26.09,11.42,2.87,2.04,30000,3.0,16,1.75,4.81,0,8,255,512,48,42,28,41,28,50,35,17,1,2,0,0,0,0,0,0
1692220795.798,76795.7984,3,0,292,292,96.17,2032,2062,9.95,11.07,988.72,30.43,260.69,18.45,34.37,3.04,312.53,44.62,612.31,1040.88,26.50,11.51,2.87,2.04,30000,3.0,16,1.75,4.81,0,8,255,512,59,45,41,33,35,33,31,10,2,3,0,0,0,0,0,0
1692220796.798,76796.7976,3,0,304,304,100.39,2032,2062,10.03,10.94,988.69,30.44,260.69,16.75,31.88,3.03,312.53,44.53,611.43,1040.88,26.39,11.29,2.87,2.04,30000,3.0,16,1.75,4.81,0,8,255,512,49,48,37,42,38,38,36,14,2,0,0,0,0,0,0,0
1692220797.799,76797.7985,3,0,295,295,97.24,2032,2058,8.77,10.92,988.57,30.45,260.69,17.71,33.71,3.03,311.65,44.62,611.87,1040.44,26.45,11.66,2.87,2.04,30000,3.0,16,1.75,4.81,0,8,255,512,44,51,49,39,36,26,42,7,1,0,0,0,0,0,0,0
1692220798.797,76798.7974,3,0,284,284,94.22,2033,2062,9.64,10.90,988.65,30.47,260.69,17.48,33.84,3.01,309.01,44.57,612.31,1040.44,26.45,11.59,2.87,2.04,30000,3.0,16,1.75,4.81,0,8,255,512,47,38,34,39,41,40,24,16,3,1,1,0,0,0,0,0
1692220799.797,76799.7973,3,0,261,261,86.75,2033,2062,9.89,11.16,988.71,30.47,260.69,16.76,31.60,3.01,311.21,44.75,613.19,1040.44,26.47,12.08,2.87,2.04,30000,3.0,16,1.75,4.81,0,8,255,512,35,33,37,38,28,40,34,12,4,0,0,0,0,0,0,0
1692220800.798,76800.7976,3,0,314,314,103.79,2033,2061,9.25,11.26,988.70,30.49,260.69,15.85,31.76,3.03,312.53,44.42,611.87,1040.00,26.31,12.09,2.87,2.04,30000,3.0,16,1.75,4.81,0,8,255,512,51,44,39,48,47,46,24,13,2,0,0,0,0,0,0,0
1692220801.797,76801.7971,3,0,267,267,87.69,2034,2062,9.59,11.16,988.63,30.50,260.69,16.12,31.38,3.04,312.53,44.77,612.75,1040.00,26.47,11.95,2.87,2.04,30000,3.0,16,1.75,4.81,0,8,255,512,46,41,38,29,38,27,37,9,1,1,0,0,0,0,0,0
1692220802.797,76802.7973,3,0,303,303,100.80,2034,2062,9.42,11.05,988.63,30.49,260.69,16.03,32.33,3.01,314.73,44.62,612.31,1039.56,26.50,11.30,2.87,2.04,30000,3.0,16,1.75,4.81,0,8,255,512,52,44,42,38,49,26,39,8,3,1,1,0,0,0,0,0
1692220803.797,76803.7974,3,0,284,284,93.53,2033,2062,9.51,11.26,988.64,30.48,260.69,17.10,32.89,3.04,308.57,44.79,613.19,1040.44,26.42,11.18,2.87,2.04,30000,3.0,16,1.75,4.81,0,8,255,512,43,50,34,31,35,42,34,11,2,2,0,0,0,0,0,0
1692220804.797,76804.7972,3,0,286,286,96.11,2032,2065,10.73,11.19,988.62,30.48,260.69,16.53,31.98,2.98,312.97,44.64,612.31,1040.00,26.50,10.95,2.87,2.04,30000,3.0,16,1.75,4.81,0,8,255,512,49,50,37,39,35,43,22,8,0,2,1,0,0,0,0,0
1692220805.797,76805.7972,3,0,294,294,97.36,2032,2062,10.23,11.18,988.71,30.50,260.69,16.59,33.50,3.02,313.41,44.68,612.31,1040.44,26.50,10.71,2.87,2.04,30000,3.0,16,1.75,4.81,0,8,255,512,50,43,38,29,33,33,46,18,3,1,0,0,0,0,0,0
1692220806.797,76806.7975,3,0,288,288,97.15,2035,2064,9.69,11.08,988.68,30.53,260.69,16.54,32.19,2.96,313.85,44.64,612.75,1040.00,26.53,10.83,2.87,2.04,30000,3.0,16,1.75,4.81,0,8,255,512,40,41,37,45,37,35,38,11,2,2,0,0,0,0,0,0
1692220807.797,76807.7971,3,0,278,278,90.98,2035,2067,10.50,11.24,988.68,30.55,260.69,16.09,31.97,3.06,313.41,44.64,612.31,1041.32,26.58,10.90,2.87,2.04,30000,3.0,16,1.75,4.81,0,8,255,512,41,29,37,38,44,42,32,12,3,0,0,0,0,0,0,0
1692220808.797,76808.7972,3,0,294,294,97.71,2035,2064,9.61,11.26,988.58,30.56,260.69,16.38,32.72,3.01,312.53,44.64,612.31,1042.20,26.50,11.08,2.87,2.04,30000,3.0,16,1.75,4.81,0,8,255,512,55,43,41,35,28,35,40,12,3,2,0,0,0,0,0,0
1692220809.798,76809.7978,3,0,263,263,87.57,2037,2066,9.71,11.04,988.59,30.57,260.69,16.12,30.65,3.00,313.41,44.66,610.99,1040.00,26.56,10.94,2.87,2.04,30000,3.0,16,1.75,4.81,0,8,255,512,49,45,43,25,27,41,22,8,2,1,0,0,0,0,0,0
1692220810.797,76810.7971,3,0,265,265,88.00,2036,2065,9.69,10.92,988.65,30.57,260.70,16.17,31.64,3.01,313.41,44.68,611.87,1043.96,26.53,10.96,2.87,2.04,30000,3.0,16,1.75,4.81,0,8,255,512,45,39,36,28,28,35,39,13,2,0,0,0,0,0,0,0
1692220811.797,76811.7973,3,0,277,277,91.23,2034,2064,9.84,11.22,988.59,30.57,260.70,15.16,31.46,3.04,314.29,44.62,611.87,1043.08,26.06,11.55,2.87,2.04,30000,3.0,16,1.75,4.81,0,8,255,512,43,45,23,33,40,46,35,9,1,2,0,0,0,0,0,0
1692220812.797,76812.7971,3,0,313,313,104.80,2035,2063,9.50,11.55,988.64,30.56,260.70,16.85,32.35,2.99,312.97,44.59,611.87,1039.56,26.53,11.56,2.87,2.04,30000,3.0,16,1.75,4.81,0,8,255,512,41,34,51,44,28,45,40,22,3,4,1,0,0,0,0,0
1692220813.798,76813.7976,3,0,247,247,81.05,2035,2065,10.15,11.07,988.62,30.55,260.70,15.92,32.23,3.05,311.21,44.66,611.87,1041.32,26.61,11.74,2.87,2.04,30000,3.0,16,1.75,4.81,0,8,255,512,34,33,39,39,36,28,27,9,2,0,0,0,0,0,0,0
1692220814.798,76814.7976,3,0,292,292,96.87,2035,2062,9.15,11.12,988.66,30.57,260.70,15.53,32.57,3.01,311.65,44.53,612.31,1040.88,26.58,11.72,2.87,2.04,30000,3.0,16,1.75,4.81,0,8,255,512,44,45,38,39,41,41,26,15,1,2,0,0,0,0,0,0
1692220815.797,76815.7973,3,0,280,280,94.89,2035,2068,11.01,11.26,988.67,30.59,260.70,15.74,32.34,2.95,312.09,44.66,611.43,1040.00,26.61,11.82,2.87,2.04,30000,3.0,16,1.75,4.81,0,8,255,512,40,37,47,43,31,29,32,15,5,1,0,0,0,0,0,0
1692220816.797,76816.7973,3,0,249,249,81.34,2034,2063,9.71,11.23,988.64,30.60,260.70,16.22,31.80,3.06,309.45,44.64,612.75,1040.44,26.64,12.09,2.87,2.04,30000,3.0,16,1.75,4.81,0,8,255,512,42,39,24,24,33,46,26,14,0,0,0,0,0,0,1,0
1692220817.797,76817.7973,3,0,302,302,99.01,2035,2066,10.36,11.10,988.64,30.60,260.70,17.87,31.78,3.05,311.65,44.64,611.87,1040.88,26.53,12.12,2.87,2.04,30000,3.0,16,1.75,4.81,0,8,255,512,48,48,41,42,34,35,38,13,1,2,0,0,0,0,0,0
1692220818.797,76818.7972,3,0,279,279,92.31,2035,2062,9.25,11.08,988.61,30.61,260.70,15.96,31.77,3.02,312.09,44.62,607.91,1040.00,26.64,12.13,2.87,2.04,30000,3.0,16,1.75,4.81,0,8,255,512,48,50,39,41,25,36,29,9,1,1,0,0,0,0,0,0
1692220819.797,76819.7973,3,0,299,299,100.11,2033,2062,9.64,11.19,988.71,30.62,260.70,15.37,31.60,2.99,310.33,44.60,611.87,1040.44,26.72,11.86,2.87,2.04,30000,3.0,16,1.75,4.81,0,8,255,512,41,45,47,38,33,42,35,17,1,0,0,0,0,0,0,0
1692220820.798,76820.7976,3,0,295,295,97.87,2033,2061,9.53,11.22,988.61,30.63,260.70,16.98,32.55,3.01,311.21,44.66,608.79,1040.44,26.66,11.70,2.87,2.04,30000,3.0,16,1.75,4.81,0,8,255,512,47,40,36,43,29,38,37,17,6,1,1,0,0,0,0,0
1692220821.797,76821.7971,3,0,289,289,94.83,2036,2066,9.96,11.27,988.61,30.65,260.70,17.00,33.25,3.05,310.77,44.31,606.59,1040.00,26.66,11.54,2.87,2.04,30000,3.0,16,1.75,4.81,0,8,255,512,41,40,36,44,47,33,27,18,2,1,0,0,0,0,0,0
1692220822.797,76822.7973,3,0,291,291,96.54,2034,2060,8.61,11.33,988.70,30.67,260.70,17.54,33.66,3.01,312.09,44.64,611.43,1040.44,26.66,11.08,2.87,2.04,30000,3.0,16,1.75,4.81,0,8,255,512,46,55,34,44,22,39,36,11,3,1,0,0,0,0,0,0
1692220823.797,76823.7974,3,0,313,313,104.03,2035,2063,9.54,11.55,988.69,30.69,260.70,16.15,31.59,3.01,312.53,44.64,611.87,1039.12,26.69,10.96,2.87,2.04,30000,3.0,16,1.75,4.81,0,8,255,512,52,45,45,41,41,39,32,14,4,0,0,0,0,0,0,0
1692220824.797,76824.7973,3,0,281,281,94.35,2033,2062,9.56,11.21,988.61,30.70,260.70,16.23,32.13,2.98,309.01,44.66,612.31,1040.44,26.72,10.97,2.87,2.04,30000,3.0,16,1.75,4.81,0,8,255,512,48,43,27,38,31,39,39,12,1,3,0,0,0,0,0,0
1692220825.797,76825.7973,3,0,263,263,87.41,2034,2063,9.64,11.08,988.59,30.69,260.70,17.17,32.27,3.01,312.09,44.62,612.31,1037.80,26.83,10.83,2.87,2.04,30000,3.0,16,1.75,4.81,0,8,255,512,44,41,33,31,29,43,31,8,2,0,1,0,0,0,0,0
1692220826.798,76826.7976,3,0,277,277,92.66,2033,2061,9.44,11.10,988.69,30.69,260.70,17.13,33.38,2.99,311.21,44.50,615.82,1040.88,26.75,10.86,2.87,2.04,30000,3.0,16,1.75,4.81,0,8,255,512,43,47,38,30,25,49,27,15,1,1,1,0,0,0,0,0
1692220827.797,76827.7973,3,0,299,299,98.83,2035,2064,9.90,10.98,988.56,30.69,260.70,16.32,32.52,3.03,312.09,44.66,612.31,1036.04,26.66,10.81,2.87,2.04,30000,3.0,16,1.75,4.81,0,8,255,512,44,55,40,34,31,37,37,19,2,0,0,0,0,0,0,0
1692220828.798,76828.7975,3,0,285,285,94.20,2034,2062,9.35,11.15,988.63,30.70,260.70,16.72,31.98,3.03,313.41,44.68,611.87,1040.00,26.66,11.01,2.87,2.04,30000,3.0,16,1.75,4.81,0,8,255,512,50,45,46,37,30,25,31,15,1,4,1,0,0,0,0,0
1692220829.797,76829.7975,3,0,296,296,98.56,2034,2060,8.73,11.16,988.59,30.71,260.70,17.02,32.22,3.00,313.41,44.66,611.43,1040.88,26.69,11.05,2.87,2.04,30000,3.0,16,1.75,4.81,0,8,255,512,39,45,60,38,24,51,29,8,1,1,0,0,0,0,0,0
1692220830.797,76830.7974,3,0,290,290,96.56,2036,2065,9.75,11.11,988.61,30.71,260.70,16.48,32.60,3.00,313.41,44.68,611.43,1040.88,26.64,11.12,2.87,2.04,30000,3.0,16,1.75,4.81,0,8,255,512,41,52,41,36,25,39,38,17,1,0,0,0,0,0,0,0
1692220831.798,76831.7976,3,0,274,274,92.25,2033,2062,9.74,11.02,988.64,30.71,260.70,16.92,32.26,2.97,310.77,44.64,612.31,1041.32,26.66,11.28,2.87,2.04,30000,3.0,16,1.75,4.81,0,8,255,512,51,37,39,29,28,36,38,7,7,0,1,1,0,0,0,0
1692220832.797,76832.7973,3,0,291,291,95.58,2034,2062,9.54,11.26,988.66,30.73,260.70,16.83,32.67,3.04,308.57,44.68,611.87,1041.76,26.64,11.17,2.87,2.04,30000,3.0,16,1.75,4.81,0,8,255,512,45,34,46,38,30,47,30,16,3,2,0,0,0,0,0,0
1692220833.797,76833.7972,3,0,282,282,93.90,2033,2062,9.53,11.31,988.59,30.74,260.70,16.90,32.31,3.00,308.57,44.55,611.87,1040.88,26.58,11.41,2.87,2.04,30000,3.0,16,1.75,4.81,0,8,255,512,44,43,48,35,31,37,29,13,2,0,0,0,0,0,0,0
1692220834.797,76834.7974,3,0,294,294,96.83,2035,2061,8.79,11.08,988.55,30.75,260.70,16.23,31.25,3.04,310.77,44.66,606.59,1040.00,26.72,11.53,2.87,2.04,30000,3.0,16,1.75,4.81,0,8,255,512,40,48,41,43,31,46,30,13,2,0,0,0,0,0,0,0
1692220835.798,76835.7975,3,0,276,276,92.24,2033,2061,9.45,11.04,988.67,30.78,260.70,15.92,33.10,2.99,312.09,44.71,611.87,1041.32,26.66,11.44,2.87,2.04,30000,3.0,16,1.75,4.81,0,8,255,512,39,41,38,38,27,41,39,11,1,1,0,0,0,0,0,0
1692220836.798,76836.7976,3,0,278,278,91.39,2034,2064,10.04,10.98,988.58,30.80,260.70,16.33,32.48,3.04,309.01,44.68,601.76,1040.00,26.64,11.59,2.87,2.04,30000,3.0,16,1.75,4.81,0,8,255,512,49,43,32,34,31,38,34,12,4,0,1,0,0,0,0,0
1692220837.797,76837.7972,3,0,267,267,88.09,2035,2063,9.29,11.00,988.65,30.81,260.70,18.70,33.18,3.03,309.89,44.42,611.87,1041.76,26.64,11.64,2.87,2.04,30000,3.0,16,1.75,4.81,0,8,255,512,37,42,39,39,29,39,29,9,2,2,0,0,0,0,0,0
1692220838.797,76838.7971,3,0,278,278,91.72,2033,2062,9.62,11.13,988.62,30.83,260.70,17.08,31.82,3.03,311.21,44.68,611.87,1040.88,26.69,11.79,2.87,2.04,30000,3.0,16,1.75,4.81,0,8,255,512,42,30,41,39,38,39,35,10,3,0,1,0,0,0,0,0
1692220839.797,76839.7973,3,0,275,275,90.08,2033,2063,9.85,11.14,988.62,30.84,260.70,15.67,31.49,3.05,311.21,44.62,610.99,1041.76,26.66,11.91,2.87,2.04,30000,3.0,16,1.75,4.81,0,8,255,512,59,27,41,33,39,38,31,7,0,0,0,0,0,0,0,0
1692220840.797,76840.7971,3,0,301,301,100.32,2035,2064,9.65,11.11,988.58,30.86,260.70,15.49,30.70,3.00,312.09,44.68,610.55,1041.32,26.61,11.90,2.87,2.04,30000,3.0,16,1.75,4.81,0,8,255,512,55,46,43,30,35,37,38,13,2,1,0,0,0,0,1,0
1692220841.798,76841.7975,3,0,293,293,97.29,2035,2064,9.70,11.45,988.64,30.87,260.70,17.21,31.38,3.01,311.21,44.62,610.99,1040.00,26.42,12.06,2.87,2.04,30000,3.0,16,1.75,4.81,0,8,255,512,46,44,41,46,30,42,30,12,2,0,0,0,0,0,0,0
1692220842.797,76842.7973,3,0,285,285,95.16,2035,2064,9.57,10.96,988.62,30.88,260.70,17.27,31.90,2.99,312.09,44.70,610.55,1042.20,26.61,11.96,2.87,2.04,30000,3.0,16,1.75,4.81,0,8,255,512,49,39,35,36,27,42,32,18,5,2,0,0,0,0,0,0
1692220843.797,76843.7971,3,0,295,295,97.15,2036,2064,9.54,11.34,988.64,30.90,260.70,16.69,31.28,3.04,309.89,44.68,611.43,1041.76,26.23,12.13,2.87,2.04,30000,3.0,16,1.75,4.81,0,8,255,512,47,49,43,37,23,37,43,13,2,0,1,0,0,0,0,0
1692220844.797,76844.7971,3,0,303,303,100.89,2034,2064,10.02,11.14,988.62,30.91,260.70,16.64,33.27,3.00,309.01,44.55,611.43,1040.88,26.64,12.16,2.87,2.04,30000,3.0,16,1.75,4.81,0,8,255,512,51,39,37,45,33,46,40,10,0,1,1,0,0,0,0,1
1692220845.797,76845.7975,3,0,287,287,94.35,2035,2065,9.94,11.17,988.63,30.93,260.70,18.28,33.10,3.04,311.65,44.68,609.67,1042.20,26.66,12.12,2.87,2.04,30000,3.0,16,1.75,4.81,0,8,255,512,31,48,40,35,39,36,35,18,4,1,0,0,0,0,0,0
1692220846.797,76846.7974,3,0,316,316,106.69,2036,2063,9.14,11.23,988.67,30.94,260.71,17.22,33.77,2.96,312.09,44.64,609.23,1041.32,26.64,12.16,2.87,2.04,30000,3.0,16,1.75,4.81,0,8,255,512,56,53,44,44,40,43,25,8,2,1,0,0,0,0,0,0
1692220847.797,76847.7971,3,0,276,276,92.84,2036,2066,10.15,11.09,988.64,30.95,260.71,15.41,32.25,2.97,310.77,44.66,611.43,1040.44,26.66,12.05,2.87,2.04,30000,3.0,16,1.75,4.81,0,8,255,512,50,47,37,36,29,43,16,14,3,0,1,0,0,0,0,0
1692220848.797,76848.7971,3,0,254,254,85.84,2037,2066,9.44,11.14,988.68,30.96,260.71,16.22,31.87,2.96,312.53,44.70,607.91,1041.76,26.69,11.89,2.87,2.04,30000,3.0,16,1.75,4.81,0,8,255,512,35,27,45,38,33,38,28,9,0,1,0,0,0,0,0,0
1692220849.797,76849.7974,3,0,276,276,92.41,2036,2064,9.33,11.09,988.61,30.98,260.71,17.69,33.92,2.99,311.65,44.71,609.23,1040.00,26.61,11.62,2.87,2.04,30000,3.0,16,1.75,4.81,0,8,255,512,49,41,36,33,35,42,26,10,3,0,1,0,0,0,0,0
1692220850.798,76850.7976,3,0,279,279,90.48,2035,2064,9.38,11.01,988.61,30.99,260.71,16.78,31.33,3.08,310.33,44.66,611.43,1042.64,26.64,11.75,2.87,2.04,30000,3.0,16,1.75,4.81,0,8,255,512,41,47,41,45,30,31,25,14,4,0,1,0,0,0,0,0
1692220851.797,76851.7973,3,0,299,299,98.83,2033,2062,9.52,11.43,988.62,31.00,260.71,16.30,32.39,3.03,309.89,44.64,610.99,1040.88,26.64,11.74,2.87,2.04,30000,3.0,16,1.75,4.81,0,8,255,512,53,49,35,38,29,41,34,16,1,3,0,0,0,0,0,0
1692220852.797,76852.7974,3,0,299,299,98.83,2033,2064,10.29,11.10,988.60,31.00,260.71,15.39,31.50,3.03,309.01,44.70,610.99,1040.88,26.66,11.55,2.87,2.04,30000,3.0,16,1.75,4.81,0,8,255,512,64,40,31,28,33,45,41,14,2,0,0,1,0,0,0,0
1692220853.797,76853.7974,3,0,254,254,85.12,2035,2063,9.33,11.33,988.66,31.00,260.71,16.80,32.32,2.98,314.29,44.68,611.43,1025.93,26.58,11.54,2.87,2.04,30000,3.0,16,1.75,4.81,0,8,255,512,43,34,47,35,17,39,28,8,2,1,0,0,0,0,0,0
1692220854.798,76854.7975,3,0,302,302,99.82,2035,2063,9.31,11.40,988.64,31.00,260.71,15.75,30.37,3.03,310.33,44.62,609.23,1041.32,26.64,11.39,2.87,2.04,30000,3.0,16,1.75,4.81,0,8,255,512,59,37,49,32,38,41,36,9,1,0,0,0,0,0,0,0
1692220855.797,76855.7973,3,0,309,309,102.98,2035,2066,10.36,11.03,988.64,31.01,260.71,15.42,31.43,3.00,311.21,44.68,610.99,1036.04,26.66,11.50,2.87,2.04,30000,3.0,16,1.75,4.81,0,8,255,512,48,53,34,42,34,40,43,12,2,1,0,0,0,0,0,0
1692220856.797,76856.7971,3,0,284,284,93.53,2035,2063,9.42,11.21,988.63,31.03,260.71,17.11,32.60,3.04,306.81,44.70,609.67,1041.32,26.64,11.26,2.87,2.04,30000,3.0,16,1.75,4.81,0,8,255,512,50,48,41,24,29,37,38,14,3,0,0,0,0,0,0,0
1692220857.798,76857.7975,3,0,304,304,101.32,2034,2064,9.89,11.09,988.60,31.05,260.71,16.96,31.41,3.00,306.37,44.68,610.99,1040.44,26.58,11.13,2.87,2.04,30000,3.0,16,1.75,4.81,0,8,255,512,47,45,45,41,28,43,38,15,1,0,0,0,0,1,0,0
1692220858.797,76858.7972,3,0,271,271,90.49,2034,2064,9.90,11.25,988.62,31.05,260.71,17.58,34.23,2.99,310.33,44.68,610.99,1040.88,26.64,11.28,2.87,2.04,30000,3.0,16,1.75,4.81,0,8,255,512,34,44,44,41,27,33,29,16,2,1,0,0,0,0,0,0
1692220859.797,76859.7974,3,0,298,298,99.78,2036,2066,10.18,11.17,988.66,31.04,260.71,16.82,31.98,2.99,305.05,44.66,611.87,1040.00,26.64,11.01,2.87,2.04,30000,3.0,16,1.75,4.81,0,8,255,512,54,37,36,43,31,49,39,6,2,0,1,0,0,0,0,0
1692220860.797,76860.7973,3,0,273,273,90.32,2035,2064,9.51,11.15,988.64,31.06,260.71,16.26,31.64,3.02,310.33,44.66,610.55,1039.56,26.69,11.23,2.87,2.04,30000,3.0,16,1.75,4.81,0,8,255,512,47,33,31,39,34,48,25,10,2,3,1,0,0,0,0,0
1692220861.798,76861.7976,3,0,280,280,94.01,2034,2063,9.74,10.97,988.59,31.07,260.71,16.41,32.53,2.98,311.65,44.68,610.99,1040.44,26.69,10.98,2.87,2.04,30000,3.0,16,1.75,4.81,0,8,255,512,42,40,35,34,30,35,46,15,2,1,0,0,0,0,0,0
1692220862.797,76862.7974,3,0,303,303,99.52,2035,2063,9.41,11.06,988.65,31.08,260.71,16.48,33.03,3.04,309.89,44.66,610.11,1040.88,26.28,11.13,2.87,2.04,30000,3.0,16,1.75,4.81,0,8,255,512,55,43,38,48,29,42,35,10,2,1,0,0,0,0,0,0
1692220863.797,76863.7971,3,0,283,283,92.86,2035,2063,9.44,11.06,988.63,31.09,260.71,15.49,31.26,3.05,310.33,44.66,610.55,1039.56,26.61,10.95,2.87,2.04,30000,3.0,16,1.75,4.81,0,8,255,512,47,33,32,39,37,46,35,10,3,1,0,0,0,0,0,0
1692220864.798,76864.7976,3,0,270,270,90.24,2033,2062,9.76,11.10,988.62,31.10,260.71,17.16,33.94,2.99,310.33,44.53,610.99,1040.44,26.69,10.94,2.87,2.04,30000,3.0,16,1.75,4.81,0,8,255,512,48,34,39,35,30,30,28,20,5,1,0,0,0,0,0,0
1692220865.797,76865.7973,3,0,288,288,96.43,2034,2063,9.58,11.09,988.67,31.11,260.71,17.22,32.50,2.99,310.77,44.62,610.11,1038.68,26.77,11.09,2.87,2.04,30000,3.0,16,1.75,4.81,0,8,255,512,44,38,32,45,34,39,37,16,2,0,0,1,0,0,0,0
1692220866.797,76866.7974,3,0,313,313,104.61,2033,2063,10.00,11.48,988.58,31.13,260.71,15.72,32.27,2.99,304.62,44.71,610.55,1040.44,26.61,11.03,2.87,2.04,30000,3.0,16,1.75,4.81,0,8,255,512,54,54,40,34,39,45,35,11,0,1,0,0,0,0,0,0
1692220867.797,76867.7971,3,0,265,265,89.56,2034,2061,8.99,11.13,988.60,31.14,260.71,16.91,31.86,2.96,313.41,44.70,611.43,1040.44,26.69,11.03,2.87,2.04,30000,3.0,16,1.75,4.81,0,8,255,512,43,46,31,34,31,37,30,10,2,1,0,0,0,0,0,0
1692220868.797,76868.7974,3,0,291,291,95.84,2033,2062,9.73,11.28,988.64,31.15,260.71,16.17,31.64,3.04,313.85,44.68,610.55,1033.41,26.61,10.91,2.87,2.04,30000,3.0,16,1.75,4.81,0,8,255,512,47,41,43,39,30,37,37,12,5,0,0,0,0,0,0,0
1692220869.797,76869.7971,3,0,281,281,93.14,2035,2062,8.90,10.94,988.70,31.15,260.71,17.10,31.72,3.02,312.09,44.70,610.99,1041.32,26.69,11.10,2.87,2.04,30000,3.0,16,1.75,4.81,0,8,255,512,41,54,40,34,27,34,37,11,3,0,0,0,0,0,0,0
1692220870.798,76870.7975,3,0,309,309,102.70,2034,2062,9.49,10.95,988.60,31.15,260.71,15.86,31.68,3.01,310.33,44.66,610.99,1040.44,26.69,10.96,2.87,2.04,30000,3.0,16,1.75,4.81,0,8,255,512,61,47,46,33,31,44,32,9,3,3,0,0,0,0,0,0
1692220871.797,76871.7974,3,0,240,240,78.68,2033,2063,9.88,11.10,988.63,31.15,260.71,16.51,31.82,3.05,310.77,44.57,610.99,1041.32,26.72,11.24,2.87,2.04,30000,3.0,16,1.75,4.81,0,8,255,512,39,27,31,37,22,38,28,16,2,0,0,0,0,0,0,0
1692220872.797,76872.7973,3,0,301,301,100.69,2032,2060,9.50,11.06,988.64,31.15,260.71,16.51,33.04,2.99,308.57,44.64,610.11,1040.44,26.72,11.19,2.87,2.04,30000,3.0,16,1.75,4.81,0,8,255,512,48,49,49,30,33,33,39,13,3,3,1,0,0,0,0,0
1692220873.798,76873.7975,3,0,270,270,87.72,2035,2065,10.25,10.94,988.65,31.16,260.71,15.61,32.15,3.08,311.21,44.70,610.55,1040.00,26.72,11.25,2.87,2.04,30000,3.0,16,1.75,4.81,0,8,255,512,55,33,35,34,28,46,27,10,1,1,0,0,0,0,0,0
1692220874.797,76874.7973,3,0,255,255,84.75,2035,2066,10.34,11.21,988.68,31.16,260.71,16.06,31.48,3.01,309.45,44.68,610.11,1040.44,26.72,11.47,2.87,2.04,30000,3.0,16,1.75,4.81,0,8,255,512,49,38,40,25,27,33,24,14,3,2,0,0,0,0,0,0
1692220875.797,76875.7973,3,0,321,321,107.48,2034,2063,9.97,11.07,988.61,31.16,260.71,16.53,31.85,2.99,311.65,44.62,610.11,1040.44,26.75,11.52,2.87,2.04,30000,3.0,16,1.75,4.81,0,8,255,512,53,57,55,44,24,44,26,15,2,1,0,0,0,0,0,0
1692220876.797,76876.7973,3,0,304,304,100.12,2036,2063,9.11,11.29,988.63,31.16,260.71,16.53,31.05,3.04,311.21,44.53,611.87,1040.00,26.72,11.53,2.87,2.04,30000,3.0,16,1.75,4.81,0,8,255,512,56,47,39,36,30,47,32,13,4,0,0,0,0,0,0,0
1692220877.797,76877.7972,3,0,289,289,94.66,2033,2061,9.22,11.02,988.64,31.16,260.71,16.89,32.51,3.05,308.57,44.70,607.91,1040.88,26.69,11.79,2.87,2.04,30000,3.0,16,1.75,4.81,0,8,255,512,51,48,27,31,36,42,34,16,3,1,0,0,0,0,0,0
1692220878.797,76878.7974,3,0,285,285,94.20,2035,2062,9.05,10.97,988.62,31.17,260.71,18.16,32.81,3.03,307.69,44.70,610.99,1041.32,26.69,11.64,2.87,2.04,30000,3.0,16,1.75,4.81,0,8,255,512,35,46,43,41,33,41,35,8,2,0,1,0,0,0,0,0
1692220879.797,76879.7971,3,0,278,278,92.48,2035,2062,9.07,11.18,988.63,31.19,260.71,16.45,33.00,3.01,308.57,44.71,610.11,1041.32,26.72,11.91,2.87,2.04,30000,3.0,16,1.75,4.81,0,8,255,512,34,33,38,41,31,45,44,10,2,0,0,0,0,0,0,0
1692220880.797,76880.7972,3,0,282,282,93.47,2035,2064,9.71,11.24,988.63,31.22,260.71,15.35,32.97,3.02,309.89,44.64,610.99,1042.20,26.77,11.78,2.87,2.04,30000,3.0,16,1.75,4.81,0,8,255,512,44,36,47,45,31,43,23,12,1,0,0,0,0,0,0,0
1692220881.798,76881.7976,3,0,303,303,101.55,2034,2063,9.41,11.25,988.66,31.24,260.71,15.40,32.11,2.98,310.33,44.68,610.55,1040.88,26.53,11.92,2.87,2.04,30000,3.0,16,1.75,4.81,0,8,255,512,55,36,43,39,39,37,33,16,5,0,0,0,0,0,0,0
1692220882.797,76882.7971,3,0,288,288,93.66,2035,2064,9.73,11.10,988.63,31.26,260.72,16.35,31.94,3.08,308.57,44.70,610.99,1041.32,26.72,12.16,2.87,2.04,30000,3.0,16,1.75,4.81,0,8,255,512,54,40,52,37,34,38,21,7,3,1,1,0,0,0,0,0
1692220883.797,76883.7974,3,0,279,279,92.31,2033,2064,10.25,11.21,988.60,31.26,260.72,16.40,30.90,3.02,309.45,44.70,612.31,1040.44,26.72,12.02,2.87,2.04,30000,3.0,16,1.75,4.81,0,8,255,512,34,43,39,36,39,45,30,12,0,1,0,0,0,0,0,0
1692220884.797,76884.7975,3,0,280,280,92.98,2033,2063,9.99,11.22,988.60,31.27,260.72,16.26,34.15,3.01,309.01,44.68,610.11,1033.85,26.75,12.14,2.87,2.04,30000,3.0,16,1.75,4.81,0,8,255,512,48,48,29,33,26,42,35,16,3,0,0,0,0,0,0,0
1692220885.797,76885.7971,3,0,294,294,98.17,2033,2062,9.53,11.35,988.66,31.28,260.72,16.42,32.81,2.99,309.89,44.64,610.55,1040.88,26.75,12.18,2.87,2.04,30000,3.0,16,1.75,4.81,0,8,255,512,47,45,40,34,29,54,30,13,2,0,0,0,0,0,0,0
1692220886.797,76886.7973,3,0,324,324,107.49,2035,2062,9.28,11.70,988.70,31.29,260.72,17.40,31.85,3.01,309.01,44.71,610.11,1040.88,26.75,12.09,2.87,2.04,30000,3.0,16,1.75,4.81,0,8,255,512,48,47,43,45,36,39,45,15,4,0,1,0,1,0,0,0
1692220887.797,76887.7971,3,0,274,274,89.99,2034,2065,10.33,11.15,988.71,31.30,260.72,16.37,33.24,3.04,309.89,44.68,610.11,1040.88,26.58,12.15,2.87,2.04,30000,3.0,16,1.75,4.81,0,8,255,512,44,44,35,37,34,31,34,11,4,0,0,0,0,0,0,0
1692220888.797,76888.7975,3,0,312,312,104.56,2033,2062,9.38,11.01,988.60,31.32,260.72,14.93,29.56,2.98,309.01,44.73,610.11,1040.44,26.64,12.11,2.87,2.04,30000,3.0,16,1.75,4.81,0,8,255,512,49,45,59,29,35,44,40,5,6,0,0,0,0,0,0,0
1692220889.797,76889.7974,3,0,285,285,94.64,2033,2061,9.17,11.14,988.61,31.34,260.72,16.11,32.33,3.01,313.41,44.71,610.55,1041.32,26.72,12.20,2.87,2.04,30000,3.0,16,1.75,4.81,0,8,255,512,43,31,45,34,30,53,34,12,1,2,0,0,0,0,0,0
1692220890.797,76890.7972,3,0,286,286,95.49,2035,2062,9.26,10.93,988.60,31.34,260.72,16.41,31.77,2.99,310.33,44.62,610.55,1040.88,26.72,12.19,2.87,2.04,30000,3.0,16,1.75,4.81,0,8,255,512,53,38,45,29,30,48,27,11,3,2,0,0,0,0,0,0
1692220891.798,76891.7976,3,0,304,304,101.32,2036,2065,9.71,11.05,988.64,31.31,260.72,16.48,32.15,3.00,310.33,44.73,610.55,1039.12,26.72,12.16,2.87,2.04,30000,3.0,16,1.75,4.81,0,8,255,512,42,30,46,49,43,36,35,19,4,0,0,0,0,0,0,0
1692220892.797,76892.7975,3,0,274,274,89.99,2035,2066,10.38,11.04,988.57,31.31,260.72,16.90,34.14,3.04,309.89,44.68,610.11,1041.76,26.75,12.17,2.87,2.04,30000,3.0,16,1.75,4.81,0,8,255,512,48,44,39,39,38,30,23,10,1,2,0,0,0,0,0,0
1692220893.797,76893.7975,3,0,295,295,96.98,2036,2066,9.91,11.42,988.69,31.32,260.72,16.63,30.36,3.04,310.33,44.71,611.43,1040.88,26.66,12.20,2.87,2.04,30000,3.0,16,1.75,4.81,0,8,255,512,48,32,49,32,33,57,33,7,4,0,0,0,0,0,0,0
1692220894.797,76894.7973,3,0,273,273,92.00,2033,2062,9.58,11.16,988.69,31.33,260.72,16.61,33.35,2.97,309.89,44.75,610.11,1041.32,26.83,12.19,2.87,2.04,30000,3.0,16,1.75,4.81,0,8,255,512,45,35,44,40,29,33,29,14,3,0,0,0,1,0,0,0
1692220895.797,76895.7973,3,0,278,278,92.57,2035,2065,9.98,12.46,988.64,31.36,260.72,16.44,31.66,3.00,311.21,44.70,618.02,1041.76,26.77,12.16,2.87,2.04,30000,3.0,16,1.75,4.81,0,8,255,512,43,38,40,33,31,49,27,13,2,1,0,0,1,0,0,1
1692220896.798,76896.7975,3,0,278,278,91.14,2036,2069,11.07,11.12,988.59,31.38,260.72,16.15,32.88,3.05,308.57,44.71,610.11,1040.88,26.77,12.09,2.87,2.04,30000,3.0,16,1.75,4.81,0,8,255,512,47,52,52,31,21,34,25,14,1,1,0,0,0,0,0,0
1692220897.797,76897.7973,3,0,295,295,98.14,2034,2064,9.85,11.08,988.63,31.39,260.72,16.27,31.68,3.01,309.89,44.79,610.55,1041.32,26.80,12.13,2.87,2.04,30000,3.0,16,1.75,4.81,0,8,255,512,42,42,48,30,35,41,40,10,5,2,0,0,0,0,0,0
1692220898.797,76898.7972,3,0,303,303,101.17,2034,2063,9.73,11.03,988.64,31.40,260.72,16.52,33.55,2.99,309.89,44.68,610.11,1040.88,26.80,12.01,2.87,2.04,30000,3.0,16,1.75,4.81,0,8,255,512,52,45,49,43,40,39,20,10,2,3,0,0,0,0,0,0
1692220899.797,76899.7974,3,0,279,279,92.47,2035,2063,9.40,11.65,988.63,31.41,260.72,14.56,31.27,3.02,309.01,44.64,610.55,1047.03,26.47,11.86,2.87,2.04,30000,3.0,16,1.75,4.81,0,8,255,512,49,40,29,36,34,41,30,16,2,2,0,0,0,0,0,0
1692220900.797,76900.7972,3,0,305,305,100.72,2035,2064,9.51,11.62,988.60,31.42,260.72,16.04,31.24,3.03,311.21,44.60,609.67,1040.88,26.96,11.89,2.87,2.04,30000,3.0,16,1.75,4.81,0,8,255,512,45,42,45,32,29,43,48,13,5,3,0,0,0,0,0,0
1692220901.797,76901.7972,3,0,286,286,94.10,2037,2063,8.66,11.23,988.70,31.42,260.72,17.95,32.49,3.04,309.45,44.68,610.11,1028.13,26.77,11.65,2.87,2.04,30000,3.0,16,1.75,4.81,0,8,255,512,47,47,36,39,25,45,33,13,0,1,0,0,0,0,0,0
1692220902.797,76902.7973,3,0,281,281,93.65,2033,2063,9.79,10.99,988.65,31.42,260.72,16.16,32.10,3.00,309.45,44.71,610.55,1040.88,26.80,11.57,2.87,2.04,30000,3.0,16,1.75,4.81,0,8,255,512,42,37,37,47,20,43,38,15,1,1,0,0,0,0,0,0
1692220903.797,76903.7973,3,0,283,283,94.41,2035,2065,10.21,11.18,988.54,31.41,260.72,15.95,31.85,3.00,309.45,44.70,610.11,1040.44,26.77,11.55,2.87,2.04,30000,3.0,16,1.75,4.81,0,8,255,512,44,39,28,39,40,45,29,16,2,1,0,0,0,0,0,0
1692220904.797,76904.7973,3,0,278,278,92.57,2036,2064,9.42,11.22,988.53,31.42,260.72,15.57,32.12,3.00,309.89,44.57,610.11,1040.44,26.77,11.46,2.87,2.04,30000,3.0,16,1.75,4.81,0,8,255,512,48,49,33,29,34,42,31,10,1,1,0,0,0,0,0,0
1692220905.797,76905.7973,3,0,300,300,100.17,2035,2065,10.02,11.22,988.66,31.44,260.72,15.71,31.68,2.99,309.45,44.73,608.35,1040.88,26.80,11.41,2.87,2.04,30000,3.0,16,1.75,4.81,0,8,255,512,48,47,57,33,26,43,30,10,2,2,0,1,1,0,0,0
1692220906.797,76906.7971,3,0,290,290,97.46,2037,2067,10.00,11.26,988.63,31.46,260.72,18.34,31.65,2.98,310.33,44.70,609.67,1040.88,26.83,11.12,2.87,2.04,30000,3.0,16,1.75,4.81,0,8,255,512,43,44,41,42,31,39,41,6,2,0,0,1,0,0,0,0
1692220907.797,76907.7973,3,0,292,292,98.68,2036,2065,9.89,11.14,988.65,31.46,260.72,16.80,32.04,2.96,310.77,44.71,606.59,1040.44,26.83,10.96,2.87,2.04,30000,3.0,16,1.75,4.81,0,8,255,512,51,52,26,44,27,47,32,9,3,0,1,0,0,0,0,0
1692220908.798,76908.7976,3,0,311,311,102.33,2037,2066,9.74,11.31,988.57,31.47,260.72,14.83,30.55,3.04,310.33,44.68,610.99,1041.32,26.83,10.99,2.87,2.04,30000,3.0,16,1.75,4.81,0,8,255,512,48,45,53,29,34,47,37,13,1,4,0,0,0,0,0,0
1692220909.797,76909.7974,3,0,308,308,102.65,2034,2063,9.65,10.99,988.59,31.48,260.72,16.06,31.82,3.00,310.33,44.73,609.23,1040.44,26.77,11.04,2.87,2.04,30000,3.0,16,1.75,4.81,0,8,255,512,41,46,43,41,26,51,45,12,3,0,0,0,0,0,0,0
1692220910.797,76910.7973,3,0,259,259,87.12,2035,2062,9.00,11.29,988.62,31.50,260.72,16.66,33.94,2.97,310.77,44.71,610.55,1040.88,26.83,10.90,2.87,2.04,30000,3.0,16,1.75,4.81,0,8,255,512,36,34,43,34,31,34,33,12,2,0,0,0,0,0,0,0
1692220911.797,76911.7973,3,0,303,303,99.79,2037,2067,10.02,11.11,988.61,31.50,260.72,15.41,32.39,3.04,314.29,44.70,610.11,1041.32,26.80,10.85,2.87,2.04,30000,3.0,16,1.75,4.81,0,8,255,512,47,46,48,48,35,39,28,11,1,0,0,0,0,0,0,0
1692220912.797,76912.7972,3,0,323,323,107.25,2037,2066,9.78,11.08,988.69,31.51,260.72,15.71,31.98,3.01,309.89,44.68,610.11,1041.32,26.80,10.88,2.87,2.04,30000,3.0,16,1.75,4.81,0,8,255,512,59,59,36,37,29,48,35,16,3,0,0,1,0,0,0,0
1692220913.797,76913.7971,3,0,300,300,100.54,2036,2065,9.58,11.09,988.60,31.52,260.72,16.45,30.86,2.98,310.77,44.71,610.55,1040.88,26.80,10.91,2.87,2.04,30000,3.0,16,1.75,4.81,0,8,255,512,50,36,44,51,34,39,28,16,2,0,0,0,0,0,0,0
1692220914.797,76914.7973,3,0,278,278,93.77,2035,2063,9.52,11.27,988.66,31.54,260.72,16.52,31.75,2.96,310.33,44.71,612.75,1040.88,26.75,11.02,2.87,2.04,30000,3.0,16,1.75,4.81,0,8,255,512,47,38,35,38,33,35,32,11,5,3,1,0,0,0,0,0
1692220915.797,76915.7971,3,0,302,302,99.46,2036,2063,9.04,11.20,988.66,31.54,260.72,16.66,31.23,3.04,311.65,44.75,612.75,1040.88,26.91,11.05,2.87,2.04,30000,3.0,16,1.75,4.81,0,8,255,512,58,41,37,30,36,43,37,13,6,1,0,0,0,0,0,0
1692220916.797,76916.7972,3,0,294,294,97.45,2036,2066,10.03,11.07,988.66,31.55,260.72,17.08,31.94,3.02,309.01,44.73,610.55,1040.88,26.75,11.16,2.87,2.04,30000,3.0,16,1.75,4.81,0,8,255,512,39,45,38,49,29,35,43,14,2,0,0,0,0,0,0,0
1692220917.798,76917.7976,3,0,294,294,98.62,2036,2067,10.42,11.20,988.63,31.56,260.72,15.61,33.24,2.98,310.77,44.66,610.11,1040.00,26.93,11.18,2.87,2.04,30000,3.0,16,1.75,4.81,0,8,255,512,50,42,38,34,43,34,33,16,3,1,0,0,0,0,0,0
1692220918.797,76918.7971,3,0,289,289,98.13,2037,2066,9.60,11.07,988.65,31.56,260.73,16.12,31.15,2.95,309.45,44.68,609.67,1041.76,26.77,11.24,2.87,2.04,30000,3.0,16,1.75,4.81,0,8,255,512,45,45,48,32,36,47,23,12,1,0,0,0,0,0,0,0
1692220919.797,76919.7975,3,0,276,276,90.08,2035,2062,8.93,10.90,988.60,31.55,260.73,17.85,32.19,3.06,298.46,44.53,610.11,1041.32,26.72,11.42,2.87,2.04,30000,3.0,16,1.75,4.81,0,8,255,512,50,35,32,26,37,47,33,16,0,0,0,0,0,0,0,0
1692220920.797,76920.7971,3,0,280,280,92.64,2037,2066,9.70,10.96,988.65,31.55,260.73,16.85,32.43,3.02,313.41,44.71,609.23,1041.76,26.77,11.42,2.87,2.04,30000,3.0,16,1.75,4.81,0,8,255,512,47,41,42,34,30,42,34,7,1,2,0,0,0,0,0,0
1692220921.797,76921.7974,3,0,255,255,85.62,2035,2064,9.69,11.05,988.59,31.54,260.73,16.69,32.79,2.98,312.09,44.71,610.99,1042.64,26.80,11.62,2.87,2.04,30000,3.0,16,1.75,4.81,0,8,255,512,48,36,32,28,35,36,32,6,2,0,0,0,0,0,0,0
1692220922.798,76922.7976,3,0,290,290,97.55,2035,2064,9.62,11.27,988.64,31.54,260.73,16.42,30.85,2.97,306.81,44.70,610.11,1042.20,26.72,11.65,2.87,2.04,30000,3.0,16,1.75,4.81,0,8,255,512,45,37,41,35,35,44,36,17,0,0,0,0,0,0,0,0
1692220923.797,76923.7971,3,0,279,279,91.55,2036,2066,9.76,11.31,988.66,31.54,260.73,15.25,31.06,3.05,311.21,44.79,609.67,1040.88,26.77,11.70,2.87,2.04,30000,3.0,16,1.75,4.81,0,8,255,512,37,48,48,34,21,46,27,13,3,1,1,0,0,0,0,0
1692220924.797,76924.7973,3,0,310,310,103.03,2034,2062,9.38,11.19,988.62,31.54,260.73,15.76,30.90,3.01,311.65,44.71,606.59,1041.76,26.80,11.91,2.87,2.04,30000,3.0,16,1.75,4.81,0,8,255,512,56,52,33,29,45,45,33,8,7,1,0,1,0,0,0,0
1692220925.798,76925.7975,3,0,324,324,107.29,2035,2064,9.75,11.00,988.70,31.55,260.73,15.88,30.95,3.02,306.81,44.73,609.67,1041.76,26.66,11.95,2.87,2.04,30000,3.0,16,1.75,4.81,0,8,255,512,49,48,45,35,43,47,38,18,1,0,0,0,0,0,0,0
1692220926.797,76926.7972,3,0,273,273,92.26,2036,2065,9.57,11.23,988.59,31.55,260.73,16.10,32.08,2.96,309.89,44.71,611.87,1042.20,26.77,12.01,2.87,2.04,30000,3.0,16,1.75,4.81,0,8,255,512,44,40,29,23,40,53,33,9,2,0,0,0,0,0,0,0
1692220927.797,76927.7971,3,0,296,296,98.65,2036,2063,9.27,10.98,988.65,31.55,260.73,17.20,32.15,3.00,307.69,44.73,610.11,1041.76,26.75,12.20,2.87,2.04,30000,3.0,16,1.75,4.81,0,8,255,512,39,55,34,39,31,45,36,14,1,2,0,0,0,0,0,0
1692220928.797,76928.7974,3,0,292,292,96.96,2036,2064,9.49,11.37,988.68,31.57,260.73,15.38,31.08,3.01,307.69,44.71,608.35,1041.32,26.80,12.16,2.87,2.04,30000,3.0,16,1.75,4.81,0,8,255,512,37,44,39,38,31,53,36,12,2,0,0,0,0,0,0,0
1692220929.797,76929.7971,3,0,314,314,103.69,2036,2064,9.34,10.91,988.60,31.56,260.73,15.66,32.75,3.03,309.01,44.75,609.23,1041.76,26.75,12.18,2.87,2.04,30000,3.0,16,1.75,4.81,0,8,255,512,56,43,46,48,41,34,32,12,2,0,0,0,0,0,0,0
1692220930.797,76930.7974,3,0,290,290,96.03,2035,2065,9.74,11.01,988.64,31.56,260.73,16.18,31.33,3.02,308.13,44.75,609.67,1040.44,26.56,11.90,2.87,2.04,30000,3.0,16,1.75,4.81,0,8,255,512,47,30,42,37,41,46,34,12,0,0,0,0,1,0,0,0
1692220931.797,76931.7975,3,0,273,273,90.90,2036,2065,9.95,11.21,988.65,31.57,260.73,15.96,31.64,3.00,309.45,44.77,610.55,1041.76,26.80,11.96,2.87,2.04,30000,3.0,16,1.75,4.81,0,8,255,512,41,34,33,40,31,45,36,10,2,0,1,0,0,0,0,0
1692220932.797,76932.7973,3,0,288,288,96.07,2036,2065,9.54,11.23,988.61,31.58,260.73,15.40,32.29,3.00,309.45,44.73,609.67,1041.76,26.83,11.78,2.87,2.04,30000,3.0,16,1.75,4.81,0,8,255,512,41,40,38,43,26,46,36,14,2,1,1,0,0,0,0,1
1692220933.797,76933.7973,3,0,275,275,90.16,2036,2064,9.39,10.95,988.66,31.58,260.73,20.09,36.18,3.05,309.45,44.75,610.11,1043.08,26.77,11.44,2.87,2.04,30000,3.0,16,1.75,4.81,0,8,255,512,46,52,33,35,25,37,34,7,4,2,0,0,0,0,0,0
1692220934.797,76934.7975,3,0,285,285,94.72,2035,2065,10.02,11.32,988.61,31.58,260.73,15.36,30.64,3.01,311.65,44.71,613.63,1036.48,26.75,11.36,2.87,2.04,30000,3.0,16,1.75,4.81,0,8,255,512,56,39,33,34,35,38,37,10,3,0,0,0,0,0,0,0
1692220935.798,76935.7976,3,0,311,311,103.55,2037,2065,9.24,11.06,988.57,31.60,260.73,16.06,32.28,3.00,309.01,44.71,608.35,1040.88,26.77,11.30,2.87,2.04,30000,3.0,16,1.75,4.81,0,8,255,512,58,41,37,42,27,48,35,19,1,2,1,0,0,0,0,0
1692220936.797,76936.7972,3,0,277,277,93.35,2035,2065,9.78,11.19,988.64,31.60,260.73,16.50,32.36,2.97,309.89,44.73,609.23,1040.44,26.99,11.20,2.87,2.04,30000,3.0,16,1.75,4.81,0,8,255,512,42,44,39,37,35,39,31,7,1,1,1,0,0,0,0,0
1692220937.797,76937.7974,3,0,270,270,89.08,2037,2066,9.61,11.10,988.69,31.60,260.73,17.19,31.55,3.03,309.45,44.71,609.23,1040.88,26.80,10.92,2.87,2.04,30000,3.0,16,1.75,4.81,0,8,255,512,45,29,39,39,28,43,34,11,2,0,0,0,0,0,0,0
1692220938.797,76938.7973,3,0,295,295,97.42,2036,2066,9.79,11.27,988.63,31.62,260.73,16.83,32.24,3.03,299.34,44.70,608.35,1041.76,26.80,10.87,2.87,2.04,30000,3.0,16,1.75,4.81,0,8,255,512,59,44,42,37,36,31,30,13,1,1,1,0,0,0,0,0
1692220939.797,76939.7972,3,0,305,305,100.45,2034,2064,9.83,11.29,988.64,31.64,260.73,16.75,30.86,3.04,309.45,44.73,609.23,1041.76,26.77,10.90,2.87,2.04,30000,3.0,16,1.75,4.81,0,8,255,512,57,52,39,44,29,39,32,9,2,1,1,0,0,0,0,0
1692220940.797,76940.7974,3,0,259,259,87.37,2036,2065,9.64,11.07,988.58,31.65,260.73,15.77,30.77,2.96,309.45,44.75,610.55,1041.32,26.80,10.90,2.87,2.04,30000,3.0,16,1.75,4.81,0,8,255,512,43,39,45,25,30,34,29,10,2,2,0,0,0,0,0,0
1692220941.798,76941.7976,3,0,253,253,82.87,2036,2065,9.38,11.33,988.65,31.64,260.73,15.76,31.34,3.05,311.21,44.71,609.23,1041.32,26.80,11.00,2.87,2.04,30000,3.0,16,1.75,4.81,0,8,255,512,33,43,39,44,20,33,31,6,4,0,0,0,0,0,0,0
1692220942.798,76942.7975,3,0,292,292,95.82,2035,2063,9.53,11.41,988.58,31.65,260.73,16.27,32.08,3.05,309.01,44.75,610.11,1040.88,26.85,11.04,2.87,2.04,30000,3.0,16,1.75,4.81,0,8,255,512,54,37,38,32,34,49,30,15,2,0,1,0,0,0,0,0
1692220943.797,76943.7974,3,0,282,282,92.96,2034,2063,9.88,11.08,988.71,31.66,260.73,15.88,32.73,3.03,309.89,44.79,607.91,1042.64,26.77,11.11,2.87,2.04,30000,3.0,16,1.75,4.81,0,8,255,512,47,43,39,38,34,44,24,9,4,0,0,0,0,0,0,0
1692220944.797,76944.7971,3,0,271,271,89.33,2034,2065,10.46,11.17,988.62,31.67,260.73,16.20,32.46,3.03,309.45,44.73,612.31,1041.32,26.83,11.26,2.87,2.04,30000,3.0,16,1.75,4.81,0,8,255,512,59,36,25,40,36,28,29,13,4,1,0,0,0,0,0,0
1692220945.797,76945.7971,3,0,239,239,79.43,2035,2062,8.97,11.24,988.64,31.69,260.73,14.95,30.85,3.01,310.77,44.71,609.67,1042.20,26.83,11.35,2.87,2.04,30000,3.0,16,1.75,4.81,0,8,255,512,39,33,32,39,19,29,36,7,2,2,0,1,0,0,0,0
1692220946.797,76946.7973,3,0,279,279,92.47,2037,2066,9.61,11.19,988.63,31.70,260.73,15.66,31.65,3.02,310.77,44.71,609.67,1040.44,26.83,11.56,2.87,2.04,30000,3.0,16,1.75,4.81,0,8,255,512,42,43,49,26,28,41,30,16,0,4,0,0,0,0,0,0
1692220947.797,76947.7973,3,0,271,271,91.33,2036,2066,10.12,11.29,988.63,31.70,260.73,15.35,31.87,2.97,309.89,44.73,611.87,1042.64,26.83,11.58,2.87,2.04,30000,3.0,16,1.75,4.81,0,8,255,512,54,43,32,30,25,35,35,12,2,3,0,0,0,0,0,0
1692220948.797,76948.7974,3,0,293,293,96.06,2036,2065,9.87,11.35,988.58,31.70,260.73,15.57,29.18,3.05,309.01,44.70,609.67,1039.56,26.85,11.70,2.87,2.04,30000,3.0,16,1.75,4.81,0,8,255,512,46,60,40,40,25,34,25,20,1,1,1,0,0,0,0,0
1692220949.797,76949.7974,3,0,268,268,89.15,2032,2062,9.73,11.37,988.64,31.71,260.73,15.47,31.51,3.01,309.45,44.77,610.11,1041.76,26.85,11.72,2.87,2.04,30000,3.0,16,1.75,4.81,0,8,255,512,39,36,38,33,32,42,32,12,4,0,0,0,0,0,0,0
1692220950.797,76950.7970,3,0,271,271,89.90,2033,2063,10.03,11.17,988.63,31.73,260.73,16.12,31.76,3.01,309.89,44.73,609.67,1042.64,26.88,11.83,2.87,2.04,30000,3.0,16,1.75,4.81,0,8,255,512,46,35,44,43,21,35,34,10,3,0,0,0,0,0,0,0
1692220951.797,76951.7973,3,0,300,300,100.54,2034,2062,9.37,11.07,988.67,31.75,260.73,15.37,31.80,2.98,310.77,44.71,609.67,1041.76,26.83,12.14,2.87,2.04,30000,3.0,16,1.75,4.81,0,8,255,512,51,41,47,40,30,45,30,11,3,2,0,0,0,0,0,0
1692220952.797,76952.7972,3,0,284,284,95.44,2034,2064,10.16,11.02,988.64,31.75,260.73,15.55,32.21,2.98,309.01,44.73,609.67,1043.52,26.85,12.19,2.87,2.04,30000,3.0,16,1.75,4.81,0,8,255,512,48,42,37,48,34,31,29,13,0,2,0,0,0,0,0,0
1692220953.798,76953.7976,3,0,291,291,95.92,2035,2064,9.52,11.07,988.61,31.74,260.73,16.09,32.21,3.03,309.45,44.77,609.23,1043.96,26.85,12.16,2.87,2.04,30000,3.0,16,1.75,4.81,0,8,255,512,50,49,37,34,29,41,36,11,4,0,0,0,0,0,0,0
1692220954.797,76954.7973,3,0,295,295,96.89,2035,2065,9.92,11.17,988.57,31.76,260.74,17.01,33.60,3.04,314.29,44.75,609.67,1039.12,26.88,12.14,2.87,2.04,30000,3.0,16,1.75,4.81,0,8,255,512,54,41,43,23,36,44,37,14,2,1,0,0,0,0,0,0
1692220955.797,76955.7971,3,0,297,297,98.89,2035,2061,8.70,11.10,988.63,31.78,260.74,15.48,31.01,3.00,309.01,44.60,612.31,1041.32,26.91,11.79,2.87,2.04,30000,3.0,16,1.75,4.81,0,8,255,512,47,46,32,23,47,44,44,9,2,1,1,1,0,0,0,0
1692220956.797,76956.7972,3,0,257,257,84.49,2037,2065,9.50,11.36,988.63,31.79,260.74,16.61,31.57,3.04,308.13,44.79,598.24,1041.32,26.88,11.29,2.87,2.04,30000,3.0,16,1.75,4.81,0,8,255,512,44,40,28,49,25,31,21,16,3,0,0,0,0,0,0,0
1692220957.797,76957.7973,3,0,288,288,95.81,2035,2067,10.53,11.12,988.67,31.80,260.74,16.58,31.54,3.01,308.57,44.50,608.79,1040.88,26.96,11.06,2.87,2.04,30000,3.0,16,1.75,4.81,0,8,255,512,57,51,36,31,38,29,35,10,1,0,0,0,0,0,0,0
1692220958.797,76958.7972,3,0,283,283,95.46,2035,2066,10.01,11.18,988.66,31.80,260.74,14.93,30.11,2.96,308.13,44.75,610.99,1041.76,26.88,10.97,2.87,2.04,30000,3.0,16,1.75,4.81,0,8,255,512,50,44,36,38,30,43,27,12,3,0,0,0,0,0,0,0
1692220959.797,76959.7971,3,0,269,269,89.32,2035,2063,9.37,11.49,988.59,31.80,260.74,15.34,31.10,3.01,309.89,44.77,610.99,1041.76,26.91,10.93,2.87,2.04,30000,3.0,16,1.75,4.81,0,8,255,512,56,35,30,32,42,33,28,10,3,0,0,0,0,0,0,0
1692220960.797,76960.7974,3,0,285,285,95.78,2036,2063,9.20,11.16,988.63,31.80,260.74,16.87,32.91,2.98,308.13,44.90,603.96,1041.32,26.93,11.02,2.87,2.04,30000,3.0,16,1.75,4.81,0,8,255,512,51,42,38,34,35,38,33,11,1,1,1,0,0,0,0,0
1692220961.797,76961.7974,3,0,301,301,100.87,2036,2064,9.30,11.32,988.65,31.80,260.74,16.52,32.84,2.98,309.45,44.53,610.11,1040.44,26.85,11.06,2.87,2.04,30000,3.0,16,1.75,4.81,0,8,255,512,37,46,39,33,36,56,38,10,4,0,1,1,0,0,0,0
1692220962.797,76962.7973,3,0,286,286,94.36,2037,2068,10.30,11.22,988.61,31.80,260.74,16.52,32.79,3.03,309.01,44.82,609.23,1040.88,26.75,11.21,2.87,2.04,30000,3.0,16,1.75,4.81,0,8,255,512,51,42,32,39,24,39,47,11,0,1,0,0,0,0,0,0
1692220963.797,76963.7974,3,0,256,256,84.54,2035,2062,9.02,11.50,988.63,31.81,260.74,16.42,31.21,3.03,309.01,44.68,609.67,1040.88,26.96,11.35,2.87,2.04,30000,3.0,16,1.75,4.81,0,8,255,512,46,47,27,27,28,40,31,9,0,0,1,0,0,0,0,0
1692220964.797,76964.7973,3,0,294,294,98.07,2036,2064,9.11,11.32,988.69,31.83,260.74,16.61,31.90,3.00,309.01,44.77,610.55,1042.20,26.91,11.46,2.87,2.04,30000,3.0,16,1.75,4.81,0,8,255,512,42,46,33,39,44,47,30,11,2,0,0,0,0,0,0,0
1692220965.797,76965.7974,3,0,294,294,97.71,2036,2063,9.21,11.48,988.67,31.82,260.74,16.18,33.12,3.01,307.69,44.77,610.11,1041.76,26.85,11.56,2.87,2.04,30000,3.0,16,1.75,4.81,0,8,255,512,41,40,40,38,31,46,43,11,3,1,0,0,0,0,0,0
1692220966.797,76966.7973,3,0,270,270,89.08,2036,2063,8.84,11.04,988.58,31.83,260.74,16.46,33.65,3.03,308.57,44.75,609.23,1042.20,26.91,11.67,2.87,2.04,30000,3.0,16,1.75,4.81,0,8,255,512,43,48,29,32,23,42,33,17,2,1,0,0,0,0,0,0
1692220967.797,76967.7974,3,0,290,290,98.37,2036,2065,9.49,11.44,988.64,31.84,260.74,14.52,30.22,2.95,308.13,44.64,609.67,1039.12,26.88,11.80,2.87,2.04,30000,3.0,16,1.75,4.81,0,8,255,512,47,48,32,29,33,42,44,14,1,0,0,0,0,0,0,0
1692220968.797,76968.7971,3,0,279,279,92.14,2036,2064,9.29,10.99,988.65,31.86,260.74,16.50,32.75,3.03,309.45,44.73,609.23,1041.76,26.96,11.94,2.87,2.04,30000,3.0,16,1.75,4.81,0,8,255,512,44,44,43,26,35,36,36,13,1,1,0,0,0,0,0,0
1692220969.798,76969.7975,3,0,268,268,89.07,2035,2065,10.14,11.14,988.63,31.86,260.74,16.57,31.50,3.01,310.33,44.79,608.35,1042.64,27.01,12.10,2.87,2.04,30000,3.0,16,1.75,4.81,0,8,255,512,39,33,36,31,31,48,32,17,0,1,0,0,0,0,0,0
1692220970.797,76970.7974,3,0,310,310,103.32,2038,2068,9.81,11.17,988.69,31.86,260.74,16.76,32.40,3.00,309.45,44.73,612.75,1042.20,26.88,12.15,2.87,2.04,30000,3.0,16,1.75,4.81,0,8,255,512,52,37,41,39,44,47,34,12,4,0,0,0,0,0,0,0
1692220971.797,76971.7971,3,0,300,300,99.34,2036,2065,9.68,11.11,988.61,31.87,260.74,16.49,31.85,3.02,309.01,44.82,606.59,1041.32,26.91,12.22,2.87,2.04,30000,3.0,16,1.75,4.81,0,8,255,512,40,46,49,40,32,45,34,12,1,1,0,0,0,0,0,0
1692220972.797,76972.7971,3,0,302,302,100.93,2037,2066,9.58,11.25,988.59,31.86,260.74,15.68,32.85,2.99,310.77,44.71,609.23,1040.88,26.93,12.04,2.87,2.04,30000,3.0,16,1.75,4.81,0,8,255,512,53,33,48,43,32,40,36,16,0,1,0,0,0,0,0,0
1692220973.797,76973.7971,3,0,265,265,88.56,2038,2066,9.46,11.18,988.67,31.86,260.74,15.94,31.99,2.99,308.57,44.73,609.67,1040.88,26.93,11.79,2.87,2.04,30000,3.0,16,1.75,4.81,0,8,255,512,36,35,41,35,33,38,25,19,2,1,0,0,0,0,0,0
1692220974.797,76974.7971,3,0,282,282,93.73,2038,2069,10.49,11.24,988.62,31.87,260.74,16.04,33.13,3.01,309.45,44.71,610.11,1041.32,26.99,11.56,2.87,2.04,30000,3.0,16,1.75,4.81,0,8,255,512,52,49,37,38,32,39,22,12,1,0,0,0,0,0,0,0
1692220975.797,76975.7973,3,0,305,305,100.08,2037,2067,9.78,11.14,988.59,31.89,260.74,17.14,30.71,3.05,309.89,44.71,610.11,1041.32,26.99,11.31,2.87,2.04,30000,3.0,16,1.75,4.81,0,8,255,512,40,38,46,39,34,45,49,12,1,1,0,0,0,0,0,1
1692220976.797,76976.7972,3,0,294,294,96.65,2038,2068,9.89,11.28,988.65,31.90,260.74,18.73,33.49,3.04,307.25,44.73,608.35,1041.32,27.17,11.22,2.87,2.04,30000,3.0,16,1.75,4.81,0,8,255,512,51,38,41,47,42,31,30,10,3,0,1,0,0,0,0,0
1692220977.797,76977.7974,3,0,285,285,95.42,2036,2064,9.24,11.38,988.64,31.90,260.74,16.51,31.87,2.99,308.57,44.50,612.75,1041.76,26.99,11.02,2.87,2.04,30000,3.0,16,1.75,4.81,0,8,255,512,48,45,40,30,31,44,30,13,2,1,0,1,0,0,0,0
1692220978.797,76978.7973,3,0,283,283,93.20,2038,2066,9.63,11.26,988.71,31.90,260.74,17.33,34.01,3.04,304.62,44.73,610.11,1041.32,26.99,10.94,2.87,2.04,30000,3.0,16,1.75,4.81,0,8,255,512,52,44,36,27,28,45,36,13,1,1,0,0,0,0,0,0
1692220979.797,76979.7974,3,0,279,279,92.90,2038,2065,9.04,11.40,988.64,31.90,260.74,16.67,32.52,3.00,309.45,44.75,609.67,1040.88,26.99,10.91,2.87,2.04,30000,3.0,16,1.75,4.81,0,8,255,512,53,43,33,37,31,35,36,9,2,0,0,0,0,0,0,0
1692220980.797,76980.7973,3,0,282,282,94.68,2037,2066,9.70,11.46,988.60,31.91,260.74,15.60,30.90,2.98,301.54,44.71,608.79,1041.76,26.99,10.95,2.87,2.04,30000,3.0,16,1.75,4.81,0,8,255,512,55,37,33,36,29,44,31,15,1,1,0,0,0,0,0,0
1692220981.797,76981.7971,3,0,297,297,97.02,2038,2065,9.16,11.25,988.69,31.91,260.74,16.01,32.96,3.06,309.89,44.73,609.23,1041.76,27.12,11.02,2.87,2.04,30000,3.0,16,1.75,4.81,0,8,255,512,56,47,40,41,23,57,24,7,2,0,0,0,0,0,0,0
1692220982.797,76982.7971,3,0,301,301,100.41,2038,2066,9.36,11.59,988.62,31.93,260.74,15.27,31.13,3.00,306.37,44.77,608.79,1041.32,26.83,11.22,2.87,2.04,30000,3.0,16,1.75,4.81,0,8,255,512,46,54,47,31,27,43,37,12,3,1,0,0,0,0,0,0
1692220983.797,76983.7974,3,0,270,270,90.07,2038,2067,9.88,11.17,988.57,31.93,260.74,15.50,31.13,3.00,305.49,44.77,609.23,1045.71,27.04,11.28,2.87,2.04,30000,3.0,16,1.75,4.81,0,8,255,512,46,32,52,39,27,25,31,11,4,2,0,0,0,0,1,0
1692220984.797,76984.7973,3,0,311,311,102.42,2037,2066,9.72,11.24,988.67,31.93,260.74,19.31,33.24,3.04,311.65,44.75,607.47,1042.20,26.64,11.33,2.87,2.04,30000,3.0,16,1.75,4.81,0,8,255,512,55,50,51,30,35,41,33,15,1,0,0,0,0,0,0,0
1692220985.797,76985.7971,3,0,300,300,101.57,2036,2065,9.36,11.18,988.72,31.94,260.74,14.60,30.33,2.95,309.89,44.75,608.79,1042.20,27.01,11.40,2.87,2.04,30000,3.0,16,1.75,4.81,0,8,255,512,41,43,38,35,43,45,40,13,1,1,0,0,0,0,0,0
1692220986.797,76986.7971,3,0,264,264,87.74,2036,2066,9.98,11.53,988.62,31.96,260.74,17.03,33.79,3.01,309.89,44.73,608.79,1041.76,26.93,11.59,2.87,2.04,30000,3.0,16,1.75,4.81,0,8,255,512,40,45,42,27,26,38,26,15,5,0,0,0,0,0,0,0
1692220987.798,76987.7975,3,0,286,286,95.14,2037,2065,9.42,11.37,988.68,31.97,260.74,17.39,33.00,3.01,309.01,44.59,610.99,1040.44,26.99,11.74,2.87,2.04,30000,3.0,16,1.75,4.81,0,8,255,512,40,42,31,40,35,51,30,12,2,2,1,0,0,0,0,0
1692220988.797,76988.7971,3,0,281,281,94.61,2035,2064,9.62,11.29,988.73,31.96,260.74,15.61,32.44,2.97,312.09,44.75,609.23,1045.27,26.99,11.70,2.87,2.04,30000,3.0,16,1.75,4.81,0,8,255,512,51,38,42,38,38,32,32,7,3,0,0,0,0,0,0,0
1692220989.797,76989.7975,3,0,288,288,94.76,2037,2066,9.89,11.21,988.67,31.98,260.74,16.69,32.10,3.04,309.01,44.71,609.23,1042.64,27.01,11.89,2.87,2.04,30000,3.0,16,1.75,4.81,0,8,255,512,42,43,40,34,37,44,32,14,0,1,1,0,0,0,0,0
1692220990.797,76990.7972,3,0,294,294,97.00,2036,2064,9.04,11.34,988.68,32.00,260.75,15.79,33.15,3.03,310.33,44.70,608.79,1042.64,27.01,11.86,2.87,2.04,30000,3.0,16,1.75,4.81,0,8,255,512,48,53,47,29,33,30,33,17,2,1,0,0,0,1,0,0
1692220991.797,76991.7973,3,0,299,299,97.76,2037,2066,9.73,11.16,988.71,32.02,260.75,16.38,31.10,3.06,309.01,44.73,609.23,1042.64,26.99,12.07,2.87,2.04,30000,3.0,16,1.75,4.81,0,8,255,512,54,38,41,35,24,41,41,18,4,2,0,1,0,0,0,0
1692220992.797,76992.7974,3,0,278,278,91.89,2038,2066,9.26,11.23,988.68,32.04,260.75,14.57,30.38,3.03,310.77,44.73,608.79,1043.08,26.88,12.13,2.87,2.04,30000,3.0,16,1.75,4.81,0,8,255,512,49,33,39,35,41,36,33,8,2,1,1,0,0,0,0,0
1692220993.797,76993.7975,3,0,281,281,93.14,2037,2066,9.90,11.58,988.64,32.05,260.75,16.51,32.58,3.02,309.45,44.64,609.67,1042.20,26.99,12.22,2.87,2.04,30000,3.0,16,1.75,4.81,0,8,255,512,43,39,42,30,27,48,37,14,1,0,0,0,0,0,0,0
1692220994.797,76994.7972,3,0,304,304,101.88,2037,2064,9.14,11.19,988.64,32.05,260.75,16.77,33.30,2.98,309.45,44.71,608.79,1042.20,27.01,12.23,2.87,2.04,30000,3.0,16,1.75,4.81,0,8,255,512,44,62,38,35,27,45,28,22,3,0,0,0,0,0,0,0
1692220995.797,76995.7974,3,0,286,286,93.09,2037,2065,9.33,11.03,988.64,32.07,260.75,15.28,30.35,3.07,297.58,44.70,609.23,1041.76,27.17,12.08,2.87,2.04,30000,3.0,16,1.75,4.81,0,8,255,512,50,34,44,33,28,48,36,8,3,2,0,0,0,0,0,0
1692220996.797,76996.7973,3,0,321,321,106.40,2037,2065,9.45,11.39,988.72,32.08,260.75,16.83,32.61,3.02,309.89,44.53,607.91,1041.32,27.01,12.04,2.87,2.04,30000,3.0,16,1.75,4.81,0,8,255,512,49,54,47,28,31,54,44,10,4,0,0,0,0,0,0,0
1692220997.797,76997.7972,3,0,285,285,94.38,2036,2064,9.40,10.93,988.68,32.07,260.75,15.94,32.42,3.02,302.42,44.79,609.23,1042.20,26.99,11.76,2.87,2.04,30000,3.0,16,1.75,4.81,0,8,255,512,48,35,44,30,28,34,50,13,2,1,0,0,0,0,0,0
1692220998.797,76998.7971,3,0,286,286,95.14,2035,2065,10.07,11.47,988.69,32.06,260.75,17.35,33.72,3.01,307.25,44.75,608.79,1040.44,26.99,11.49,2.87,2.04,30000,3.0,16,1.75,4.81,0,8,255,512,53,45,33,36,32,37,36,12,2,0,0,0,0,0,0,0
1692220999.798,76999.7976,3,0,305,305,102.60,2037,2066,9.74,11.23,988.67,32.05,260.75,17.08,31.98,2.97,308.57,44.77,608.79,1041.76,27.07,11.27,2.87,2.04,30000,3.0,16,1.75,4.81,0,8,255,512,48,46,34,40,37,49,32,13,4,2,0,0,0,0,0,0
1692221000.797,77000.7975,3,0,246,246,81.61,2037,2066,9.78,11.87,988.68,32.05,260.75,18.01,33.38,3.01,309.45,44.66,608.35,1040.44,26.93,11.33,2.87,2.04,30000,3.0,16,1.75,4.81,0,8,255,512,40,39,35,35,25,31,23,15,1,0,1,0,1,0,0,0
1692221001.797,77001.7974,3,0,276,276,91.06,2035,2067,10.58,11.38,988.68,32.05,260.75,15.64,31.81,3.03,308.13,44.77,611.87,1041.32,26.99,11.07,2.87,2.04,30000,3.0,16,1.75,4.81,0,8,255,512,37,30,31,37,41,44,38,13,3,2,0,0,0,0,0,0
1692221002.797,77002.7974,3,0,284,284,93.53,2034,2066,10.60,11.26,988.69,32.05,260.75,18.02,33.29,3.04,308.13,44.77,608.79,1041.76,27.04,10.95,2.87,2.04,30000,3.0,16,1.75,4.81,0,8,255,512,45,34,44,38,42,40,30,9,2,0,0,0,0,0,0,0
1692221003.797,77003.7972,3,0,272,272,91.33,2036,2066,10.02,11.08,988.69,32.05,260.75,15.02,30.64,2.98,308.57,44.82,610.11,1041.76,26.96,10.92,2.87,2.04,30000,3.0,16,1.75,4.81,0,8,255,512,45,45,28,37,34,34,26,18,3,2,0,0,0,0,0,0
1692221004.797,77004.7973,3,0,264,264,87.10,2035,2064,9.77,11.21,988.66,32.05,260.75,15.77,31.51,3.03,308.13,44.77,608.35,1042.20,26.99,11.01,2.87,2.04,30000,3.0,16,1.75,4.81,0,8,255,512,36,43,27,34,27,40,37,16,4,0,0,0,0,0,0,0
1692221005.797,77005.7974,3,0,256,256,85.40,2034,2062,9.32,10.96,988.69,32.06,260.75,17.17,33.43,3.00,308.13,44.75,609.23,1041.76,26.99,11.02,2.87,2.04,30000,3.0,16,1.75,4.81,0,8,255,512,39,47,33,30,21,37,30,15,2,2,0,0,0,0,0,0
1692221006.798,77006.7975,3,0,291,291,95.06,2035,2064,9.47,11.59,988.70,32.08,260.75,15.26,31.24,3.06,307.69,44.46,608.79,1042.20,27.04,11.07,2.87,2.04,30000,3.0,16,1.75,4.81,0,8,255,512,57,42,36,44,36,33,34,8,1,0,0,0,0,0,0,0
1692221007.797,77007.7975,3,0,275,275,90.49,2036,2064,9.35,11.08,988.73,32.08,260.75,15.12,31.54,3.04,308.57,44.62,609.23,1042.64,26.96,11.11,2.87,2.04,30000,3.0,16,1.75,4.81,0,8,255,512,56,45,36,33,21,37,33,12,2,0,0,0,0,0,0,0
1692221008.797,77008.7971,3,0,291,291,96.90,2036,2064,9.17,11.01,988.66,32.08,260.75,17.29,31.42,3.00,309.01,44.79,608.79,1042.64,27.04,11.29,2.87,2.04,30000,3.0,16,1.75,4.81,0,8,255,512,50,39,49,37,23,35,42,13,1,1,1,0,0,0,0,0
1692221009.797,77009.7971,3,0,288,288,95.37,2036,2064,9.37,11.22,988.67,32.08,260.75,16.05,31.53,3.02,307.69,44.75,608.35,1042.20,27.17,11.47,2.87,2.04,30000,3.0,16,1.75,4.81,0,8,255,512,46,49,39,32,39,27,37,13,4,2,0,0,0,0,0,0
1692221010.797,77010.7975,3,0,300,300,100.54,2035,2064,9.87,11.34,988.66,32.08,260.75,16.01,32.11,2.98,305.05,44.79,609.67,1042.64,26.96,11.59,2.87,2.04,30000,3.0,16,1.75,4.81,0,8,255,512,48,48,38,39,33,41,37,13,0,1,1,0,1,0,0,0
1692221011.797,77011.7974,3,0,270,270,89.90,2035,2064,9.74,11.13,988.66,32.07,260.75,18.04,32.61,3.00,308.57,44.70,608.35,1042.64,27.01,11.55,2.87,2.04,30000,3.0,16,1.75,4.81,0,8,255,512,47,45,38,31,24,34,35,12,3,1,0,0,0,0,0,0
1692221012.797,77012.7973,3,0,217,217,71.73,2035,2064,9.61,11.00,988.78,32.07,260.75,15.24,31.27,3.03,308.13,44.57,609.23,1041.76,27.01,11.67,2.87,2.04,30000,3.0,16,1.75,4.81,0,8,255,512,30,32,29,25,31,29,28,11,2,0,0,0,0,0,0,0
1692221013.797,77013.7974,3,0,301,301,100.60,2036,2064,9.30,11.06,988.68,32.07,260.75,16.83,32.53,2.99,307.25,45.13,612.75,1042.20,27.07,11.83,2.87,2.04,30000,3.0,16,1.75,4.81,0,8,255,512,57,48,40,46,27,41,28,11,2,1,0,0,0,0,0,0
1692221014.798,77014.7976,3,0,294,294,96.13,2035,2063,9.38,11.40,988.75,32.08,260.75,16.31,32.04,3.06,308.57,44.81,608.35,1041.76,27.04,11.85,2.87,2.04,30000,3.0,16,1.75,4.81,0,8,255,512,58,32,40,41,33,43,34,10,2,1,0,0,0,0,0,0
1692221015.797,77015.7971,3,0,285,285,93.52,2035,2064,9.85,11.01,988.61,32.09,260.75,16.16,31.52,3.05,308.13,44.66,609.23,1041.76,27.04,11.87,2.87,2.04,30000,3.0,16,1.75,4.81,0,8,255,512,45,47,40,40,33,34,28,15,2,1,0,0,0,0,0,0
1692221016.797,77016.7971,3,0,286,286,94.36,2036,2063,8.83,10.97,988.66,32.11,260.75,16.24,32.20,3.03,308.13,44.77,608.35,1042.64,27.04,12.13,2.87,2.04,30000,3.0,16,1.75,4.81,0,8,255,512,52,39,40,34,30,41,35,15,0,0,0,0,0,0,0,0
1692221017.797,77017.7974,3,0,262,262,85.97,2033,2062,9.64,10.96,988.66,32.11,260.75,17.08,32.37,3.05,309.01,44.70,609.67,1042.20,27.07,12.20,2.87,2.04,30000,3.0,16,1.75,4.81,0,8,255,512,62,38,44,17,27,33,25,14,1,0,0,0,1,0,0,0
1692221018.797,77018.7971,3,0,284,284,94.56,2033,2060,8.92,11.20,988.70,32.13,260.75,16.34,30.67,3.00,308.57,44.79,608.79,1041.32,27.28,12.20,2.87,2.04,30000,3.0,16,1.75,4.81,0,8,255,512,51,29,41,39,32,55,18,16,3,0,0,0,0,0,0,0
1692221019.798,77019.7976,3,0,274,274,93.21,2033,2062,9.65,11.17,988.69,32.15,260.75,17.72,32.51,2.94,308.57,44.73,610.11,1041.76,27.09,12.19,2.87,2.04,30000,3.0,16,1.75,4.81,0,8,255,512,49,31,39,40,35,29,28,16,1,4,1,0,0,1,0,0
1692221020.799,77020.7993,3,0,275,275,89.83,2034,2062,9.35,11.07,988.68,32.16,260.75,18.59,33.05,3.06,307.69,44.75,608.79,1042.20,27.07,12.22,2.87,2.04,30000,3.0,16,1.75,4.81,0,8,255,512,52,40,35,26,32,36,39,13,1,1,0,0,0,0,0,0
